x1,x2,x3,x4,x5,x6,x7,x8,x9,x10,x11,x12,x13,x14,x15,x16,x17,x18,x19,x20,x21,x22,x23,x24,target
-1.691503967,-0.06847259216,-1.305631813,1.21187053,-0.8178612473,0.145588878,-0.1751925864,-0.5080187983,0.7739069658,-2.387608093,-0.5418289933,0.3671109447,-1.442521519,-0.1031680791,1.2810963,-0.7863827018,0.6538097088,0.5391733951,-1.588503412,-0.5253309458,0.4437985486,2.290920905,0.5526907207,1.087049083,-231.1801955
-0.569993978,-0.2867104565,0.9262694367,-1.038821639,-2.091503469,0.6360849518,0.1093012634,-1.115437889,-0.6428095778,-0.5786738334,-0.3033170042,0.8849498431,0.4306680628,1.6196927,0.8608581977,-0.2506679838,-1.448411024,0.3970145499,-2.086048321,0.7604683945,0.9856934989,-1.206655348,0.5546326536,-2.054764031,-370.1744373
1.852538172,0.1413444287,-0.7308679281,0.2018696511,1.966352688,-0.5845588806,1.644456503,-0.1628517566,-1.854450709,0.1508578743,-0.6342281047,-0.3774250951,-1.165267363,-1.404880214,1.640952519,-0.558986097,-0.9046100003,1.121666559,0.293406941,-0.09829736792,-0.33864714,-0.09392544383,0.4848664132,0.6771661602,160.0270122
-0.002726392301,-0.9683599127,-0.330992193,-3.092956156,-0.5261191151,-0.4677682265,0.4217652336,-0.2528237224,-0.7302289118,1.143847929,-0.9240358043,-0.423768968,-0.06587139626,-0.7492726804,0.4973565854,1.67177549,-1.317132241,2.2580057,0.2892533626,0.9931494306,0.594503403,0.0372432506,1.676270189,-1.28627476,-125.488027
0.605742843,1.882830199,1.683866233,0.2397133186,-0.7662435088,-0.8975378501,-0.4622774224,-0.4470116879,0.9593578819,0.9718794705,0.8281179782,0.9460548511,-0.7660176888,-1.184155092,-1.838436417,0.02607134075,-0.8012348538,2.643517697,0.07156945718,-0.3021141408,-0.2091069287,0.1926352773,-0.2793029386,-0.8875414802,61.04228084
-0.9012423752,-1.810877793,0.01941501982,1.003210524,1.935914775,1.089119485,-0.7473136375,-0.2990679008,-0.4038895806,0.2002431539,1.74989449,0.1732022198,0.4142708014,-0.04031676155,0.1459810682,0.1442800385,0.4972071761,-0.159901856,-0.6231086353,-0.02960075692,0.6759896831,-1.41377111,1.70538557,-1.305648808,-88.15250697
0.5427625422,-0.2312493602,-1.06890119,1.253845089,0.1033466437,1.572872299,-0.8176226249,-0.7294047875,0.4198807567,0.6642860055,0.6827137823,-0.7012299424,-0.9093607249,0.5956507786,2.037321072,1.316705013,0.8699830973,-0.2747148449,-0.9593676437,-1.057272585,-0.9832489486,-0.5627115883,2.436970229,-2.006510138,-138.1297774
-0.5146869205,1.812165265,-0.9864746817,-0.6447882765,-0.6314235593,-2.472288657,-0.567595417,0.2127028517,-1.863193711,-0.1772660994,-0.9751225702,-0.4385938449,0.9211930451,-0.7103906071,0.8408285278,-0.2758539073,-0.05143644178,0.7380643348,1.428280007,-0.4236885213,-0.2028548663,0.05289449734,-0.8187421853,-0.4943128845,-74.01064762
-0.1514254382,-0.9316849806,0.8025207249,0.904474364,1.274892063,-1.843170532,0.2128017472,0.9477873678,0.1818584854,-1.530140321,2.112502406,-1.459438623,0.7990041405,-0.1087287395,-0.1597691691,0.5254402552,-0.2328924775,0.5075037464,0.3046685285,1.013186551,-1.012955574,0.49043789,0.1414129963,0.755728446,241.623168
-0.1178353099,-1.978259239,0.6375638919,0.1307236949,-1.432128243,1.496424718,0.7097840834,0.85128513,0.223271012,0.9647566654,-0.4572920281,2.008081406,0.8880854276,0.2082829383,0.3959665471,0.6737187906,1.107416021,-0.7938465365,-1.400869857,0.1766326047,-0.4191571076,-0.6113270194,-0.2871479117,-0.2062131878,-178.2012992
-1.35277703,-0.9912719261,-1.013494816,-0.6102042431,-0.8925654196,2.437409368,1.308777678,0.1936867588,-0.2922904845,-0.9480402557,-0.5728970359,-0.213524212,1.388637304,-0.4831600491,-1.14827677,-1.837362036,-0.998412902,-0.9040890166,-0.7000573537,-1.21539951,0.3361055157,-1.304578605,0.2133943527,0.4215109207,-203.7947464
0.8925072877,0.9267355273,-0.2505306977,-0.3304397261,-2.676665471,-0.3954756018,0.06180524629,-1.062323651,-0.3564245333,1.308365602,-0.1536558547,-0.7611199078,0.8854893115,0.3362990321,-0.6749966297,-0.2808263814,0.3530668483,1.317512594,-0.872795271,-0.2729204786,0.2560970875,-1.145891029,-0.9243896251,0.1095013395,32.12660537
1.267228845,0.0828878632,-0.5964340194,1.584399305,-0.5132431538,-1.913980395,-1.069875523,1.335097972,1.230044346,0.4945827243,-1.266904476,-1.9089345,-1.22168029,-0.5080575037,-0.8236820957,0.2678776114,0.1110512014,1.592275001,1.658541705,-1.232942059,-2.11429988,-1.254273191,-0.6913782921,-0.0565351837,113.1751057
0.3515604857,-1.059831381,2.099962259,-0.04732213927,1.529347676,-0.4119787125,0.3327868718,1.591074121,-0.852884352,0.1126389979,-1.073213006,-0.4137954772,0.9602449523,-1.050392285,-0.7099151312,1.671872556,-0.3136168419,1.283500233,-2.301858377,0.1329236421,0.3551404969,-0.5521894726,0.1113799058,-0.09257616552,-187.2104641
-0.8877137956,-1.620255158,0.08707957435,0.7806015422,0.3711649231,-0.9534630019,0.06260251597,0.7639136739,1.326110617,-0.1383761745,4.949332089,2.235068614,-0.2509282711,-0.1134282303,-0.9655009817,0.9849292348,0.7045196862,0.3141151504,-0.2376524237,1.014318862,0.1953584888,-0.09918575532,1.502980108,0.4565997622,325.3886694
0.4782914728,-0.08622755973,-0.03751799637,0.4587009043,0.5624952968,-0.1158662731,-0.8264197514,-0.4010186684,0.376714235,1.116782332,0.2101536023,-0.5727385925,4.000786352,-0.2306727921,0.472937303,-1.352840929,-1.941535113,0.656571981,-1.462779147,-1.872838101,1.110379335,-0.9206605131,-0.2404861566,-0.2243609222,-51.21249935
-1.375212764,0.4472323744,0.1254291528,-0.1629525294,0.1514388381,0.5462945456,-0.5501655872,-0.8634677046,1.892693231,-0.8540125289,-0.03465750803,0.9626484825,-0.05095879394,0.4243279655,0.2178869105,0.0796501949,0.1204270576,-0.2764098764,-0.6039342735,-0.8715555411,-0.329379784,0.3329647954,0.8793238166,-1.084096771,-252.0838959
-0.07096276491,1.287213836,1.376054398,-0.1889785614,-0.3040204496,2.301721111,-1.252868703,0.808850197,0.02315034893,0.8175644787,-0.7129300596,0.6723577139,-1.264525419,-1.121217007,0.9445308191,0.2716474137,-0.3500734917,-0.5751675796,1.111185712,-0.04153503538,0.02664363946,0.4502541897,0.4827324813,0.3137391709,56.27177033
1.189161192,-2.198289824,-1.603174672,0.9627089548,-1.411658627,1.674634305,-0.05239388,0.6287130773,-0.4301997824,0.8499947389,-0.8351961549,-0.72699139,-0.490450859,-0.07562191852,1.680381567,0.8021163031,2.657425498,0.6099990312,0.3387868464,-0.5465082236,1.074499146,-0.6322574798,-1.126997907,-0.5813361036,-6.874679024
-0.1814371494,-0.02701582987,0.05298722386,0.2325773635,-0.758267483,0.597055446,-1.349399325,-0.422849999,-1.369869869,-1.250079417,-0.144435632,-1.244848699,0.5372408079,0.5632566972,0.4711209595,1.837298531,1.654246263,1.176928962,0.5393350918,-0.5021821619,-1.091930153,1.364658004,1.342244635,0.9891208793,93.82139921
-1.188488804,-0.2421640479,0.7921075109,0.6684690959,-2.480403404,0.6021398854,1.388041867,0.8572867337,0.08755211881,-0.5307510939,2.624545758,0.1795170461,0.4325407977,-0.2497075943,0.1023459824,-0.2084758851,-0.4375427805,-0.5714821267,0.9026852364,-1.432324394,-1.634813261,-1.344042526,-0.3113568587,-0.6677439045,141.9193083
-0.6490401473,-0.5562291707,-0.5933395352,0.5144283231,0.5422625316,-0.3517821166,-0.2441012957,1.041508877,-1.042311145,0.9021907838,-0.1216735975,-1.95914731,0.3691839353,1.47485503,-0.1779246663,0.710060058,-0.5296411139,-1.850845276,0.1580346035,0.5126847869,0.3491235149,-0.6327897,-1.00600143,0.7694633439,23.09615919
0.9042986616,-1.294138993,0.887513695,-0.230716581,-1.421835592,0.139756023,1.452789675,0.4314875597,0.02235625285,-1.947356611,-1.764159255,-0.7427021842,-0.5758852936,-1.392022842,-1.633279661,-0.2990614439,-0.2613092727,-0.3252161609,1.482083923,0.815816686,-0.3620390519,-0.9684693906,1.253129872,-0.6496065814,14.95484282
-0.0007741874421,-0.1460025414,0.1932871364,1.459382839,-0.2631448235,0.3160337788,0.4056260093,0.730873755,0.9079521774,0.08660608158,-0.4688655616,1.992982296,0.1998119455,-0.01265474933,0.4294043778,0.7154566752,-3.294652359,1.739432697,0.547134057,-0.2371133143,-0.4902528768,0.7506148845,1.022403382,-1.828398172,-119.584907
0.8341102101,-0.0827042243,0.2109027417,0.008401340392,0.1994774945,-0.5696709379,-0.2550143488,0.1976800571,0.08533082641,2.282066613,2.77342714,1.128542889,-1.746475043,-0.4963699301,-0.7080727179,-0.5066236106,0.6877697648,-0.2921783463,-0.1736069727,1.541470879,0.9923256661,0.8021469743,-1.289829313,-0.3427034638,258.2783202
-1.624376871,0.4651474298,-1.105737529,-0.4912557315,1.191996568,0.9807494822,-1.096612788,0.3963062733,-1.32671709,-1.156406647,-1.050885802,0.30131571,-0.9540722037,0.9550213317,0.6855229599,-0.2482226773,-0.4967071633,-1.096893025,-1.542847876,-0.7429691802,0.9962188366,0.04633347383,1.761874172,-0.7631137123,-399.2693048
0.7050627341,0.6940201329,-0.1105936999,-1.561728315,0.2970114543,0.8237940766,-0.8854117513,0.4405004367,-0.8194557367,-1.160530976,0.09573149501,1.537201773,0.5664093923,-0.1555958444,-1.336995612,-0.6408787757,1.144147396,-0.8426008135,1.358657707,0.06187385777,-0.9035022425,-0.7372898327,0.007586810935,-1.095315338,102.0543405
-0.2062373308,0.01383133649,-0.8553779367,-1.176515197,-1.997521106,-1.329463711,0.2685558306,2.06604656,0.4135328777,-1.502533729,-0.1455661449,-1.003114776,-0.9653640434,-0.387767913,0.9115547932,-0.5448387172,0.9298679579,1.38972572,-0.372509689,-0.7715531909,-0.4480959001,0.5049766994,-1.25108944,0.435932848,-49.33783737
-1.036889579,1.22364225,0.02889504647,1.029876955,-0.04202970746,0.2688090511,-0.6771700124,0.4730955488,-0.3656404533,2.140338302,-0.3892810239,0.3782774419,-1.452701307,1.706027318,0.3484790024,0.6108479872,-1.752105474,0.1591038479,2.68592169,-1.222915403,0.3534230738,-1.124717378,0.6986075863,-0.2135628157,97.42567568
1.378520955,1.218529965,-0.6097463687,-0.1681575338,-0.2898605471,0.5963674707,-1.666178814,0.890601716,0.4428866403,0.5282428619,-0.9250202149,-0.0596516371,0.5069069864,0.7300717493,0.9285315823,0.9966513365,0.6687746509,-1.808585008,-2.376947321,-1.969485412,-0.2775033324,-1.363527964,-1.714694115,0.3084913301,-108.0852731
1.373028361,0.8790546085,1.91211405,0.2563875894,-0.4270196075,1.935224693,0.2894189634,0.2680986398,-0.1174968358,-0.9114713315,-0.7473174169,-0.521408222,-1.345924319,-0.2222688426,0.6319607967,-0.4764006134,0.4208949052,1.845157192,-1.594987468,0.5144466602,2.63802006,-0.6500317576,2.361508342,-0.507096325,-69.48757488
-0.3470536222,1.935449233,0.02185205278,0.2590353503,-0.4282899016,-0.4967749655,-1.245241291,-0.7879383941,1.073486783,0.3545381036,0.6433624076,-0.4408618769,0.6702041534,-0.5688936093,-0.5125831061,1.761196485,-0.3723271739,-0.5711154527,0.6403370394,1.059286084,0.3452224592,0.1773862111,1.058607178,0.8257945783,124.8852508
1.235084532,-0.01139903661,-1.413775521,0.502681063,-0.7900040782,-0.0426080441,0.1178790556,0.2749983633,-1.675206762,0.9615513241,1.035189646,-0.8397804989,0.150962963,-0.7733647925,1.087839127,-0.8773374273,-1.277025826,-1.00159853,1.002055261,2.859158555,-0.6765499612,-0.5746624757,1.209084291,2.085560679,385.0805569
0.945363448,0.8190722498,-0.4529069867,0.3327439222,0.0005152946072,0.4537480348,-0.3040975654,1.052534028,-0.6789296198,1.611203047,0.3720767253,0.4527618313,-0.7845709016,0.136481311,1.033525833,0.7906115784,0.7236562595,-0.4964630631,0.557263652,-0.5699348192,2.242016802,-0.590397755,-1.060896666,1.955960688,266.8740185
0.09190148923,0.4999807025,0.7832459083,-2.605588831,-1.22527475,0.5143920832,-0.5183780678,-1.327514282,-0.2079924093,0.5531915216,-0.680032233,-0.7172756102,-0.009723061691,-0.4000651287,-1.673823037,-0.119167714,1.242371305,0.06557307065,0.3601190936,0.4270895789,2.140917838,0.7775174674,0.5334429769,-1.161303475,-58.70337185
1.971621315,2.359075285,0.6050379498,-1.212356368,0.1888258693,0.1279826186,-0.2293807249,-0.09285191408,-0.96432063,-1.138481692,-1.432366322,-0.5790903167,-1.784762662,0.3887165373,0.4741496812,-0.383923583,0.5608394724,-0.9621140324,-0.9931046161,-0.4371812929,-1.527305981,-0.0242982952,0.5633813504,1.816835362,97.20895444
0.3696449105,-0.05437146369,-1.339429082,-0.253434757,0.7226915312,0.3999434614,-0.3646996244,0.1310547862,-2.083084361,-0.05311991172,0.8040726235,1.448540764,0.03202034974,-0.8559803342,0.8555675289,-1.241782456,-0.4418947552,-0.3446458388,1.998950189,1.149895128,1.412511992,0.2092040896,0.02259193522,1.349606466,320.2297044
-1.157135605,0.8133390508,1.856936907,-1.239609685,-0.887414626,1.579487376,-1.249953856,0.6287653151,2.079022477,-1.891922726,0.4588043848,-1.108928626,1.78913645,0.3395431392,0.7824129203,-0.1812662492,-0.07155465818,2.303088051,0.3305719112,0.6326706373,0.3617445969,-1.090431063,0.1699312546,-1.258792201,-73.25800501
-2.01970614,2.010944043,0.3103380825,-1.871148312,-0.9714121328,1.080775153,-2.753315121,0.8020401573,-1.183813832,-0.4717613007,-0.3925107856,1.907753625,1.156667981,-1.466098409,-0.9766922382,-0.3448421455,-1.548418201,1.834979235,-1.417660091,0.2487890774,-0.4088559168,1.691168352,0.5165087217,1.0333081,-209.9646676
0.08904940292,0.5389545265,0.6393143509,1.04354342,0.1819783481,1.087083857,-0.1624682506,-0.6144127621,-0.4086366808,0.1107104044,-0.9396403688,-0.07352937782,0.1223231836,-0.3146092213,-2.077912414,0.6035039989,-1.029627278,0.6481424679,-0.249860647,0.4290881024,-0.2869645186,0.4592259605,-0.1169292595,-2.486876843,-251.2180762
1.616570623,0.4331290337,-1.111495879,-0.8851305283,-0.257742476,1.046670787,-0.1907905062,0.03349563986,-0.9985829932,-0.3827348976,-0.5703337483,-0.02500684406,0.2875818083,-1.002845073,0.4095467956,-1.455710288,0.4566853079,-0.4391802162,-0.1998686123,-0.2260703142,1.314567795,-0.8357811142,-0.5676903285,0.05013458119,32.30209664
-0.7992945118,1.65457605,-0.4722363582,0.3264237379,-0.210122168,0.7084636849,1.08029607,0.1160942085,1.378934646,-1.46950591,0.6840462816,2.184900774,-0.8490436389,1.065069451,0.7093753846,0.4128926952,-1.493283656,-1.845363777,0.1605293405,0.1980457192,0.9531153211,0.609376114,-0.8131021914,-0.5623965399,-32.68610742
-0.9315921057,-1.92661714,0.4764333369,-0.3998481117,1.053791998,-0.5419719349,-0.4926037216,0.3635493806,1.100455781,0.4288643696,-0.5754539176,-1.289092145,-0.192003542,1.124599244,-1.297985663,-1.012897378,-1.698025791,-0.6578971019,-0.3052184481,0.5726873196,-1.728623643,-0.980751561,0.3271209598,0.52796528,-78.2088888
-0.939043858,-2.576458691,0.9792033476,-0.05773803313,-0.8588834078,1.330125176,-1.368219746,1.251668346,0.083219486,0.4836405607,1.190843889,2.534094946,0.5044051996,-1.679894249,1.284554463,-1.344653134,1.604218126,1.697101612,0.4451885603,0.6632081874,-1.191465287,-1.602063657,-0.1642841397,0.1675791698,77.56763018
-0.5723093327,1.407799535,-0.5243054019,-1.310467759,-0.3841201252,-1.099991765,1.812200216,0.4803603934,0.7019337771,1.01495566,-0.7172015713,-1.326517418,2.807350528,2.128984688,1.23506929,1.479693504,0.9913055549,-1.799003766,-1.11525851,0.7118311039,-0.4080497181,1.233646994,-0.3650842505,-1.626296175,-286.1325608
0.07671515413,0.06083255061,-0.5256179309,-1.751846711,-0.2226613224,-0.3768676378,-0.3579623574,-0.03958905367,-1.422463895,0.06984653239,1.212763447,-1.095264106,1.214397137,0.06198264349,-0.3100386763,0.5388088379,-1.384807876,-0.6232440799,-0.05188468001,0.308900802,-0.5773398036,0.6565652099,-0.4539964906,1.467619735,194.9490421
-0.1700970392,0.9615407729,0.7932384975,-0.6705215379,-1.880353754,-0.9950291535,0.5391296144,-0.8367709325,-1.274205722,0.7828431453,-0.5208176968,-1.380300073,-0.5818875884,-0.5508021773,-1.997731222,1.231365996,-0.7514565861,0.1353516683,-2.63450682,-0.1526105795,0.7087866888,1.352284829,0.03874851212,0.7744420073,-178.3371132
-1.036027984,-0.1839347053,1.175660396,-1.418051333,-0.3089036089,0.3451301945,2.010569118,-0.2641427713,1.081733719,1.205760248,0.8115385976,-1.196066497,-0.3847022144,-2.218780074,-0.09497336808,1.016117347,2.398431652,1.278000037,0.1059126129,1.246983632,0.8563164529,0.1055872695,0.5406567642,0.03433780181,-6.012440822
0.6068403965,-0.5151461784,1.224391398,-1.322553534,-1.004604838,-0.9513754315,-0.2596558113,1.200407891,-0.5196793649,-0.5293384603,-0.5986851102,0.2628633326,0.4499736955,0.793789462,-0.1213623876,-0.9083387286,-1.159935309,0.6055638748,0.7019183539,-1.225923329,0.4610387472,-0.7709862792,0.577195481,-1.627240568,-39.88421333
-0.6104007266,0.6788064762,-1.477438267,-0.9276042617,-0.9281273489,1.243241662,0.805206379,1.87357622,-0.6781407963,0.4063224428,-0.2349632052,-1.817489842,-0.97636458,-0.5064018436,-1.075240751,-1.258264145,-0.06889854862,1.006574513,0.3450737122,0.2550644419,-1.645345238,-0.3874516538,0.3109844075,-1.481651962,-166.0759032
-0.11571973,0.2386816645,0.4319759985,2.248799018,1.025628753,0.6126242211,0.8748619389,0.7917990418,-2.220455189,2.124215976,-0.3290726765,0.9782484532,0.6077195056,1.02999862,2.045049378,1.647360196,-0.9154401004,0.3473884554,-0.3779263364,1.088995605,-0.3630300297,-0.5145513007,0.2852810686,2.088938489,104.1462833
0.7340610491,0.2067173534,-0.1987766908,0.009784041818,0.1304335786,0.3621477543,1.433399818,0.4934005407,-0.238476766,-1.478419832,-1.411852809,0.5556079995,-1.942398425,-1.267679577,-0.389366937,-0.623535971,-0.4305933043,0.4308085522,-0.3475927321,0.7209014453,-0.7680843233,-0.7595643124,-0.5698394773,0.1058062363,-94.17438428
0.4248161842,0.4785049828,-0.3618863777,1.344031367,-0.8396535871,1.001519757,0.7612345801,-0.2245571552,-0.8288761223,1.201138659,0.2826184899,-1.514526713,0.585353819,-0.3361302455,-0.697727963,-0.1394140132,-0.1458031245,-0.04657576651,-0.83240412,-0.09587696926,-0.4360847792,-0.5212922302,-0.1539333649,2.716455813,179.7467845
-0.3376002388,0.6482268073,-0.7005298172,2.161627542,-1.014289663,1.350677851,0.8934611995,0.7372006858,-0.113745629,0.6374470588,-0.7755249066,0.393740421,2.20895988,0.6256269595,2.486792821,1.085916537,-0.766768887,0.1417174911,0.2658690697,-0.2637194183,0.1719425028,-0.04051512572,0.5897783463,-1.067277775,-149.6813828
1.248410966,-0.6346022324,0.7374748503,-0.2122076368,-0.6980085965,-1.65384078,-0.8595515793,0.6532138161,0.2288312161,-0.6857959522,0.8998502108,0.2552691734,0.3566121103,0.3537870285,-1.339802788,0.6214862084,-1.257667316,-1.139966773,1.719458664,0.8564288826,-0.3550277514,0.9746050517,-2.170093043,-1.061957506,231.8703537
-0.3332869686,-0.05439714233,1.292021514,-0.8090049009,0.288499748,0.9475696813,2.099696579,-0.8523906511,0.2667210424,-2.040648092,1.754562943,0.2119704169,0.3589119946,-0.09673092981,0.051856639,-0.6407325886,1.218148928,1.182311872,-0.7148645393,-1.675786522,-2.14146331,0.9107380662,0.5956218018,1.05116195,163.4123222
-0.01506393274,-0.1038743042,-0.8993794692,-0.4120497592,-0.4222865982,-2.760045887,1.589761996,1.226028837,0.6114407166,-0.4426771988,1.900152862,-1.129792207,0.7847155776,-1.826578804,0.2832481531,-2.499585357,-1.634222796,-0.2820920547,-0.2197501845,0.4906019603,1.366425256,-0.5284950076,-1.083820341,0.6516388772,148.1689288
-1.183726056,-0.6838696008,-0.9390593266,2.06131767,0.1866008146,0.4749470159,0.008697620062,-1.496922601,-0.02242211942,0.2709303801,-1.609659757,1.057481423,-1.397877854,0.1083749374,-0.8515431564,-1.44781419,0.03287543918,0.5856416201,0.5578753565,0.09067944059,-0.6346058857,1.626436669,1.862951448,-1.180479515,-266.7045416
1.416139162,2.224398892,0.2249724531,0.2871254312,0.5545716392,-0.2032657977,0.4253734334,-0.2456824351,-1.404480237,0.09128284311,1.866166578,1.743957833,0.3847441537,-0.5613156852,0.3889467415,-0.53905474,0.1884211815,-2.266469867,0.2928113276,0.7424555773,1.204152277,-1.234512504,0.07453821375,1.812382947,405.2294158
1.05152547,1.598423534,1.014376644,1.072569456,1.943323996,0.8104735571,0.3793857981,0.1772990303,-0.01653430137,-1.314327476,-1.064356773,-0.6882657448,1.326843999,0.5761875302,1.051225906,-0.1603310712,-0.5361184039,-1.157076398,-1.547281682,-0.0980416246,-1.907593621,0.9068752163,-0.7002719889,-1.998625729,-192.1375136
-0.3576305482,0.7631452414,-1.828327457,-0.8035765978,-0.2304689266,1.787085135,-0.4090921478,0.3931742702,1.228237308,-0.7432328093,-1.133870393,-0.5380921282,1.391920648,-0.6370400931,0.6513294931,0.5915355106,-0.3712593857,1.598554974,0.05063550993,0.538158772,-0.8681634733,-0.8011276111,-0.6240852988,-0.7911293407,-223.010874
0.6954263769,0.01131434855,-1.815019867,1.125177201,-0.1772660383,-1.427066544,0.7023691404,0.335799544,0.9632168612,-1.377260031,2.702065164,-0.1362205647,-1.818584504,-0.2944740472,0.08504283273,1.441695983,1.120427917,-0.3664887852,0.03136291003,-1.10143202,0.4798006562,2.119842344,-0.5576570905,1.077311416,277.8863721
0.2809666188,-1.078961486,0.429427061,2.476918823,-0.9330569919,-0.3866388335,-0.7767595032,1.520895336,0.4082577306,0.8098800022,-1.580536645,0.3020329144,-0.6872814953,1.221201195,2.339849274,0.3916623954,1.532846605,-1.43201834,-0.6841680061,1.259133508,0.5236529113,0.5289156131,-0.2798951987,0.5660419431,-94.69535704
-0.1775549399,0.05042035496,-0.8724949359,-0.5846333149,-0.7324660188,0.9524783322,-0.5566948153,1.152184262,1.115970647,-0.5507839344,-0.03952908862,-0.2132658326,1.399831223,-1.586567272,-0.4399806561,0.3410595911,-3.089423947,-1.358136519,-0.5297278404,-1.699186551,0.4560323586,0.6680459757,-0.2362688303,-0.6859339759,-121.4600755
0.4825019531,0.6229411287,-1.070165136,2.650903139,-1.433820828,0.4084511699,0.7184070574,-1.01317516,-1.627476014,-0.02297383326,0.1432859933,0.4196631094,1.302438627,1.650602428,0.6893146024,0.9849317189,-0.3254861827,-1.106553575,-1.00490688,0.5502378458,0.1059391315,-1.27980036,2.055173009,-1.311938977,-116.6374524
-1.256080059,0.6071119416,1.169413493,-1.425146122,1.125770168,-0.7965011257,-0.2809665897,-0.7027801802,0.1256595964,-0.3619634646,1.050435104,0.5980874646,-0.7300887401,0.4257671012,0.5432028735,-1.020555642,-2.643768628,-1.412850775,1.34543523,0.3125618544,0.2341843094,-1.181025995,0.06273638581,0.8731491653,175.4341785
0.3299167236,-0.8286709656,1.654975316,1.639674253,-0.2861960979,0.07609862282,-0.4936008693,0.08337940051,-0.2254528471,0.3188072238,0.1039330606,-1.11194483,-0.2606923838,0.230154613,0.9641018656,-1.275028706,-0.1436759841,-0.632931923,-0.7230974792,-1.786013575,0.2997493652,-1.129394516,-0.8200162838,0.7029423202,48.42441615
-1.126267268,0.6323671905,0.7556164153,-1.025247321,0.8090280181,-0.6273643472,-0.4680877179,-0.2047718906,-0.1828591068,0.1002166575,1.424881188,-0.6386089031,0.1660154874,1.689784286,0.2911804234,1.699400639,1.218463712,1.621458978,-0.3183396385,-0.636453208,1.074041106,-0.7368881435,0.6678541408,0.8297399975,61.44545847
-1.054018285,-0.7571132435,-0.1890287041,0.865567269,1.259310393,-0.5528921504,-0.6875190191,-0.7854531944,1.6454048,0.2199848804,3.250677976,-0.6052364474,0.3049720592,0.3935308579,0.626882229,2.056667626,-1.049593155,-1.048803226,0.3534213375,-0.2459258852,0.8713207533,0.07512198998,2.683224925,-0.4224669288,180.842554
-0.463062806,-0.2756130881,-0.6909304961,-0.8269055885,0.1371944058,-0.06940935077,0.6791989889,0.4831976745,0.2638212833,-0.2867117375,1.298442355,-1.119258819,0.7514198803,1.186261294,-0.9242100964,0.4266634475,0.4026389941,-1.42321225,2.136131701,-0.7633593524,-0.0174189049,0.8754327026,-0.1088682589,-1.031785009,164.9965325
2.277455663,0.5044671455,1.724913823,2.075418654,0.5315487304,0.1548711319,-0.2158739927,-0.7723263776,2.500678545,-0.8750456588,0.9055453531,-0.02261168505,0.8206218407,-2.134404295,1.318433866,-0.1099740721,-1.104757398,0.4672162667,-1.1903219,-1.558763736,0.5734068963,-0.7050730705,0.7563448282,-0.7021337511,119.3364651
0.566829308,-2.28755125,-0.8164300576,0.3419552503,1.147297694,-1.2989694,0.7201585329,-0.05547875302,-1.232333559,1.5544958,0.5090555184,1.011628427,-0.1620264504,-0.09728372951,-0.0740152786,-0.5001449216,-0.4811796241,-0.05269946532,-0.77424354,0.826407869,0.3708144207,-1.140825624,-0.8315795398,-0.4584769919,-41.1946451
0.01081619214,-0.3365813922,0.0009092751134,-0.3246491293,0.4168332701,-0.2219219737,1.191724841,-1.372346029,0.7364072556,0.2836495769,1.425545941,0.8647240507,-1.78099346,-0.4702166542,0.5161628568,-0.911261091,-0.848416355,-1.95414571,-1.799154506,0.8680468184,-0.5214680447,1.940242117,-0.4219918444,3.406641015,212.0525312
-0.7477580419,-0.06618229771,-0.4165313838,-0.08017639084,0.6553314966,0.8890431034,-0.3020823118,1.217345715,-0.7684095942,-0.1710166377,1.352771207,-0.5164632644,-1.848740557,-1.13289079,2.939478716,0.362312432,-1.08808075,0.1447148585,1.229278675,-0.6462992061,0.2937766399,0.8899964706,-0.2345502312,0.5399796272,144.461043
0.08171435646,-1.310306446,0.5551190931,0.8453396003,-0.7000437243,-0.7102964267,0.9768278289,0.8392956195,-0.2984159872,0.1346132815,-1.267302537,-0.9096478453,0.6380960023,2.320564741,-1.854482959,0.3405729114,0.2372034472,0.8256217759,-1.112432494,0.2114572057,1.053864063,0.7019202659,0.1589391991,-0.2412327577,-148.5577599
-0.1357119542,0.6452071399,0.9969316827,-0.5587418589,-1.344718803,-1.168873629,-1.544765855,-0.5900753421,-0.4402620452,-0.6553887819,-0.07539847037,-0.09565872676,0.5897082515,-0.6847717978,0.7815358377,-0.4698537033,0.00719690532,0.5249435738,-0.7680844039,-2.034448897,0.3336355657,-0.3393047075,-1.101902911,0.9475186664,15.25506195
0.2434960161,0.3641915235,-0.5462684444,-0.2895836082,0.02313913125,-1.529705803,1.08523474,-0.05298002649,-0.3144080633,-0.4086233004,-0.6436575563,-0.2749234727,-0.03372256788,0.2358851019,-0.4734383,0.8653801096,0.4668717287,1.506811531,-0.8615663932,-0.3492292706,0.1601304874,0.1290675821,0.4393510322,2.313473618,44.13216508
0.127375226,-0.01044869253,-1.496241065,0.5233877271,-1.89408795,-0.3657063863,0.9543192527,1.434221928,-1.368035068,0.04357804321,-0.6041016744,-1.285803311,1.512501892,-0.8574303307,0.7581222374,-0.04782617275,-1.55813053,-0.03541428795,0.3871971766,-0.374826308,-0.542227031,-0.9239458261,-0.7437168191,-0.3422376674,-30.98418672
-0.1488682402,-0.4221557864,-1.289607239,-0.4595243374,0.2851238998,-0.7817666405,-2.010153781,1.652501351,2.053026361,0.7809497264,1.745235018,1.834139854,-1.403328626,0.753013028,-0.1629374531,-0.04711921893,-0.1928002782,-0.354485116,0.238579321,0.309098513,-0.1102492994,-0.8522093293,-0.5718769345,-0.03967676333,128.6091516
-0.2662041715,1.083697172,-1.774768174,0.2924631292,0.1905674111,1.36869113,1.345167861,-1.248689947,-2.061830672,0.1209882337,-0.9034347648,0.3510434056,-0.3099971377,1.514660939,0.672740986,-1.098649726,1.25449991,-0.970195646,0.7882101459,-0.3758619764,-0.1436010316,-0.2698524885,-0.743127201,-0.4846406457,-92.54388365
-0.8280712386,0.2051219447,-0.6731762646,0.7629198409,-1.935297368,0.5258148141,1.081566228,1.100538988,-0.07508396734,2.480553021,-0.7219938439,0.6348237274,-0.1902837693,-1.269699793,-2.872385524,0.2607030624,1.044632297,0.444727343,0.9076892488,-0.762097552,-1.029307945,-0.9498679237,-0.8906770654,0.3686404216,-37.7345883
-0.2816320483,0.5914337872,-0.5195411456,-0.1598183179,1.110530503,0.5181706019,-0.3571746757,-0.4648752689,-0.3802201622,-0.3557804057,-0.631878532,-0.3139458049,0.08788793279,1.270463577,0.08248721784,-0.08734951986,1.148626144,0.4230807627,-0.4184047295,0.9690241166,0.01281249665,-0.1117149078,0.1820951102,-1.839242059,-240.8622489
0.3597514551,0.3565464033,-0.5643975923,-0.01228324495,1.135186978,-0.137590566,0.6731835159,1.026933003,-0.1013708481,1.079875636,-0.8713742772,-0.3182326826,0.3107204178,1.004844286,0.6051795316,-0.2435799644,0.186912897,-0.8110804315,-0.3806606921,-0.005396292579,-1.324349915,0.2617753141,-0.3002079348,-0.5307388563,-97.2187803
-1.72809229,-0.8050047918,1.090394877,0.2729428863,0.1174136775,0.6997601495,0.2653310795,-1.439654219,-0.9864700669,0.2699597432,0.6873595776,-0.1519003229,0.4838838777,0.4230809517,-1.153871197,2.393894237,2.191631442,0.278512001,1.357790714,-0.3123617498,0.6525898746,1.064033436,-1.228829137,1.131820721,119.7064886
0.3565540796,-0.4232212018,-0.1879777166,-0.1771824617,0.07781864087,-0.6837937794,-0.3012767596,-0.3577660614,-0.09657623854,-1.760674021,1.911219557,-1.121189187,-1.343261626,-0.9160175196,0.1039849355,-1.862901432,-0.1612090649,-0.1051688784,0.6277013379,-1.097943749,0.5626548058,0.05853363186,-0.4089378147,-1.72788854,87.56392514
1.625385877,-0.8561586984,0.1477688169,-0.01780227636,0.1412099465,-0.9743721345,-1.368540403,-0.584568653,0.4773988067,-0.0546555652,-1.478361417,-0.848748668,1.374156818,0.4939032403,1.681332403,1.59612401,1.256412848,0.9675280325,-0.8202023965,0.4431522365,1.454223167,-0.1836942396,-0.1114966941,1.518275939,106.6124226
0.9388625725,-0.630870685,-0.9466033465,-1.528413567,0.6231383892,-0.1778794281,0.6712558855,-0.6892904053,-1.240057325,0.439265004,0.5421464931,1.894899735,1.251539377,0.4772816694,1.150622262,1.991725039,1.525615492,0.458791287,0.1483029505,-1.16036247,1.280711222,0.4357534711,-0.5090430796,0.06509628852,153.4328474
-0.7269822503,-1.708420553,1.175040149,-0.4611056596,0.2156847207,1.219478205,1.27873842,-0.1408089101,1.265821026,-2.519348522,-1.675077813,-0.3665818743,0.9793510881,-0.7249072928,1.674426674,-0.0211652129,0.5794623618,-1.241703261,0.2761111304,-0.9382730639,0.545028293,0.8938454526,-1.141924022,1.563892586,2.466802861
1.479268956,-0.1279107702,-0.9490050084,2.216703486,1.27093796,-0.2630934046,2.939551221,-0.03965226811,0.2295526209,-0.7519948826,-0.2008384811,-0.1643960325,0.2877194782,0.1741458862,-0.9564395012,-0.3170302563,-0.3775235295,1.870121618,-1.070055198,-2.525333826,0.6675481733,-0.4920201535,0.07700357156,-1.058418318,-63.35181297
-0.2668881298,-1.226471124,-0.0832854798,1.693431565,0.3342463765,-0.8663185751,-1.762903015,-1.856377109,0.5203184266,0.5419758903,0.5403375832,-0.278610304,1.840628343,-0.4608527042,-0.8789556979,-0.0417108413,-1.326799545,1.717573218,-0.2089368642,-0.2613522215,-1.23616333,1.299827956,0.8964434189,-0.1293884901,-1.316955341
0.7451168846,-0.8584008341,0.5773756043,-0.2764162154,-1.739517638,-1.087450174,1.849078349,-0.6579858247,1.574652417,-0.3550240831,-0.0567128445,0.05874673154,0.00610749724,0.04452796841,0.952625927,0.410193813,-1.086025555,0.3450877762,1.410535141,-0.6213461907,1.021284781,-2.653226676,1.024649469,0.1414509727,191.7312862
0.2424750482,0.139575237,-0.3170316961,2.232638701,1.096222744,0.3699546466,0.3443623658,-0.2049476715,2.380311994,0.2400530967,0.9367083324,-0.5905625062,0.2291199505,-1.036548324,0.7402154479,0.01078979658,-0.08463205522,-1.407867285,-1.616857323,-0.04514617916,-1.211106916,-0.0527074935,-0.2379535393,-0.4725805842,-96.86792291
-0.08327663638,0.5625046254,-1.041639436,-2.876873489,0.431747985,-0.6138300836,-0.9271303324,-1.510810953,1.788026342,-0.4580207523,-0.529102345,0.5132703592,0.2762176974,-0.9851712896,-2.135260674,0.5415690532,0.650658941,0.1809315237,-0.1822782709,-0.370347641,1.142138854,-0.06232541988,-0.5277601304,1.647409758,24.40613717
-1.277300077,1.603636421,-1.127234314,-0.9576306076,0.5539328398,-1.249278127,1.1806072,-0.3574292037,-0.78334841,0.3513452812,-1.128072725,0.6553833442,0.8600517195,-0.9441948878,1.554411479,0.4666603999,-1.034295593,1.424547056,0.7441950326,-0.1803349018,-1.121390226,0.4763555682,0.8112334014,0.142621479,-140.667748
-0.02487981895,0.760826137,0.9163795513,-0.340916113,0.712242607,-1.404713366,-1.266908242,0.01330798155,0.7525506321,-0.3053892923,0.5752119309,0.670554848,0.0902414616,1.100551006,-0.1699204502,1.268177027,-0.8727008048,2.200654144,0.04730554377,-1.141688466,1.116581989,-0.0406998764,1.048849442,-0.1731387901,42.2787027
0.7420721895,0.8221191746,0.1679046645,-0.8441351919,0.2212929724,-1.121925554,0.8550865533,0.5029131182,0.01660202514,0.7412145241,-0.05406806649,-0.4063587208,-0.3093970781,-0.08981751441,-0.00797532696,-1.559796179,0.125705889,0.8365085876,-0.1244672763,-0.07244707676,1.305703912,-1.123502296,0.377232024,0.514044112,80.06934352
-0.6903340593,-2.984457058,-0.6814192115,-0.3180662472,1.918734371,0.3753654718,0.1753083246,1.293772852,-0.001622118024,1.291527115,-1.301650583,-0.1465098126,-0.5415602909,-0.3086719117,0.7571381414,0.05110122666,0.4307201004,1.298085516,-0.9583213628,0.6961860569,0.8664774745,-0.4231279092,1.408096189,-0.1980735314,-282.3077503
-0.05041993829,-0.2691222214,-0.259489052,-1.101895933,-1.137260669,-2.159139161,-1.324581399,-0.4044146327,1.566342016,1.928479547,-0.01812776302,1.640699989,-0.21579943,-1.312469509,-0.3956241435,-0.6103829079,-1.264635141,1.213502699,1.320163532,-0.8630254075,-0.4545164923,-0.4167006474,-0.1912230975,-0.7958478247,14.12833158
-0.1883925,0.8378243858,-0.03534487158,1.348200033,-0.9754959085,0.2948888236,-0.7762901872,-0.7423821635,0.5614706885,1.058027677,1.170744911,-2.222794522,-0.7394228938,0.005746397228,-0.04442138941,-0.4433006135,-0.7505272048,-0.2524996606,0.1771420491,-1.934058359,1.082994099,-2.012692447,0.6563953112,0.07652959611,90.63739183
0.252478837,1.158427443,1.561581988,1.216947412,-0.2434390684,0.04651839821,0.1760298894,-1.400031264,0.3325576885,0.5274520794,-0.5932230504,0.1823979619,0.5343403584,1.186668848,0.04391820022,0.8418457176,-0.6906684011,-0.3706110973,-1.492919198,-2.169466373,-0.2244095656,-1.537432585,-2.03497733,1.12717558,-4.005636979
1.054102299,-1.640738234,-0.09446663627,-1.071774256,0.781051823,-0.4552902614,0.8065485457,0.5415151677,0.4735888939,0.3522378317,0.1020546296,-0.7967851805,-1.490401006,0.3532998049,-0.8463238066,0.7845072363,0.530908347,-0.5247232192,-0.8759751351,0.1514489627,0.6810461796,-0.9526754517,-0.04157279297,0.03389511304,-1.251975633
0.546114919,0.6859999636,-0.01810536686,-0.6955663296,-1.289650391,0.2906187208,-2.134501745,-0.1825035868,-1.582430503,-1.794286355,-0.4402561136,-0.5478216005,1.763961663,1.116869781,-1.358961284,-0.6298431244,-0.3775221919,-0.5869586432,0.6283969031,0.1279271887,-3.043664103,1.850558526,0.3476753153,1.104136158,160.8832318
0.02644670123,-0.468919653,-0.8778466097,0.7394201914,1.360269519,0.3814704675,-0.3011344389,-1.502862518,-0.5056447162,0.7264977233,1.0378547,0.3304653804,-0.2681895078,-0.1993751967,0.6208480405,0.3678097324,-0.6905179285,0.4919264036,-0.3543665109,-0.441718166,0.1883653545,0.1543860285,0.5201013108,-0.4771025227,18.34684719
-1.78094201,-0.266317872,-1.652853469,0.1507354698,2.892916983,-0.2537191744,-0.2280033505,-1.634577523,0.414038712,-1.395009378,-0.3408554733,0.9762252927,2.604324838,0.6194939298,0.6023435356,-0.1591789269,-0.1669468463,0.004941071448,0.08411134487,0.5978573705,-0.07104133618,-0.1603819616,0.8859727267,-1.241490393,-287.2427355
0.07145630649,-0.669511161,0.1631107798,-0.4685620968,1.147106968,1.343296626,0.1171933155,0.709474908,-2.416112762,0.3096161385,-1.10966446,0.2570980119,-0.6438402886,-0.5739635567,-0.02269296109,-0.01940823601,-0.6735165613,-0.3709372983,1.112455517,-0.8432699284,-1.02365973,0.001871003063,1.025235205,1.874564621,142.2085798
0.6857230177,0.8054602066,1.468990763,2.519323869,0.6126221146,-0.879307318,2.175371827,0.9980032833,2.345576008,1.373663335,-1.731764832,1.17788815,-1.709687369,-0.1561261711,-2.162141226,-0.7950439232,0.2106557724,-0.4774419452,0.4339661359,0.4215214246,-0.2961960196,-1.098515656,0.8372453457,0.1134542403,-2.491852375
-0.5265051084,-0.2019229329,0.2683246166,1.926221786,-0.2281409568,-0.859717943,0.2482247233,-0.7656222259,-0.02942163341,-1.838545332,-0.1874504165,1.465172004,-0.4409065905,0.5431861816,0.292260496,0.4609893718,-0.8783043579,-0.9444714245,0.5099949312,-0.3359707595,-0.8304560347,-0.5299296745,-0.1415665972,0.4239352229,34.04426093
0.1561979517,0.7340377475,0.5327629601,0.2326287252,0.7768929803,0.1946577104,0.6466745801,-0.2825070875,-0.08068990059,-1.346047533,1.349775691,-0.8661105897,-1.114182933,1.286055414,1.000713252,-1.010992777,-0.277994509,-0.9941395899,-0.9672418323,0.484012807,-0.4278368055,-1.551062623,-0.6429211791,1.176600071,144.5443151
-1.239762699,-0.2010512295,0.8213742529,-1.344426118,-0.3513513847,0.8474669618,1.139427159,2.965913306,-0.2638980942,-1.93672763,-0.1991727625,-1.008961096,-1.222966341,2.018663207,-0.3233069542,-0.3407246106,-0.2489722593,0.6140405673,1.875987118,1.467711873,-1.38119501,-0.3613510494,-0.5108270169,-0.4640987031,24.08145603
0.09435361256,-1.630070792,0.05631328336,1.227030836,-0.8445792459,-1.27322962,-0.2728983712,1.936538714,1.738572077,1.046802186,-0.9708289587,-0.5796193668,-1.338598539,-1.098785944,2.011749072,-0.9284830194,2.505310516,1.294513083,0.3838506407,0.3839474868,-0.5560783466,0.3205405823,-0.478137538,-0.6573109439,-75.00780384
-0.8477444918,-1.170407757,-0.6565149571,0.1472124079,1.597943321,-0.3925945169,-0.9100589353,0.9700453751,1.700998783,-1.101996518,-0.8363406862,0.588306131,-1.875821799,-0.6143172319,-0.2646503757,0.5837631638,0.3518769491,-0.6305611457,-0.6906186098,-0.3821914257,-0.4526074631,0.0753403756,-1.563566462,-0.8798125597,-277.2210487
-0.6187341403,1.16876833,-0.09728181637,0.4660271835,0.6199019572,0.2228261439,-0.6712524335,-0.8673760528,-0.2920320497,0.6856513183,-0.865254222,0.6078208561,-0.6276219726,-0.4545029112,-0.3606528416,2.343821389,-1.993373641,0.4392146921,0.3662003705,-1.064703473,-0.5963823065,-0.7261510752,0.8319702485,0.2370649247,-42.85278892
0.172400769,-1.151670645,-0.5774679486,1.083999655,-1.456002146,0.7311217286,1.196265074,0.5175747903,-0.9367171726,-0.748366007,0.7545811315,-0.1464596214,-1.161973554,-1.553879264,-0.07141696083,-0.9007377218,0.388561501,-0.8657002725,-1.34015149,1.970202105,0.4082841799,0.8264602231,0.3611749073,-0.3496350051,-82.31430561
0.1754067844,-2.118164749,-0.4788541378,-0.3676668809,0.9788703201,-0.9004157233,0.172611742,-0.8803904279,-0.3324278824,-0.1767121572,0.8319776402,0.06434915347,0.09538327648,0.2428534793,0.03096259673,-0.61529857,1.414500467,-1.250716246,1.491870383,1.629679029,0.3193573991,0.3326899777,2.03023194,-0.3932102462,152.1430281
-0.001649610009,0.1327080841,0.2511793078,0.3533249447,0.5745283357,-0.6063391672,-0.1027389569,-0.6732346874,-1.584095511,-0.1095272105,0.09404886688,0.05248570527,-0.2779982447,-0.3322700471,-0.2265037606,0.1765934517,1.103905913,1.222150138,0.4675588624,1.403116294,-1.338749122,0.4961931526,0.05103673433,0.8836928841,98.0754092
-0.7074337919,0.521501062,-0.1425085462,-1.972589444,0.5949769029,0.8952168606,1.108790887,-1.148122374,-0.4231163081,0.6927816439,0.7360091366,0.0722249955,-1.516413101,0.1222519865,-1.706441836,-1.109119491,-0.1049450685,0.3336399088,1.591525936,0.9271103677,-0.3238181425,-0.4538427286,1.746827367,-0.5041118844,46.77405333
0.5238577923,0.7959793331,0.1380769556,0.008561059738,-1.665206023,-1.132416251,-0.1240424043,0.1064128692,1.352147406,-0.1276992606,-1.045989685,-0.3684514592,-1.123141324,0.8980398504,-0.7861964664,0.6552623153,2.594506605,-0.2044550273,0.5555826803,0.278292595,-0.9882915219,-1.195527485,-2.651180618,-0.5372450267,-12.70350975
-0.6372740097,-1.50219304,-1.066620877,1.540578566,0.04674117737,0.9542962192,-0.611292137,-0.1352531236,1.007093082,-0.03434024663,-0.2701174845,-0.1626084839,-0.06958345709,-1.91121972,-0.06192557702,0.2421488839,0.482130446,-0.07473811751,-1.662576615,-0.1612377756,1.019447687,-0.1254881326,1.227063827,-0.1072104851,-234.8540296
1.182502055,2.528898245,0.5915769556,-0.2542356052,0.7067305596,-0.6547828288,-0.7081610592,-1.203552096,-0.7182053345,0.2539470578,-0.8900204974,0.977482038,-1.197843976,0.554216966,-0.122409232,-1.136862495,-0.9833442213,0.2861601667,-1.266111196,1.107045615,0.2987776431,0.07989380407,-0.8501873696,0.9456257836,1.717287925
-1.130507145,-0.3591686931,-0.7401244449,1.35847092,0.2213404018,0.8787330414,-0.4384267712,-1.380008805,0.06514472978,1.528006698,0.372384235,0.6240258647,0.1299724026,-0.5307463372,0.04599577824,-0.1779374452,-0.4159200286,0.1504611774,-0.5258372836,-1.987325225,0.7259554875,-0.9404555357,0.5270729828,-0.314384366,-124.6614637
0.4672305119,-0.1211197167,1.444509144,-1.440074151,-0.4295722339,1.875413833,-1.441414055,1.312364637,1.088372651,0.3481229849,0.383906741,0.08680174787,-0.5929524962,-0.7885713074,-0.00167233016,0.7798580182,1.815524876,1.148176913,1.957040652,0.6365936096,-0.6380656168,1.197035195,1.025251976,0.7243769947,285.2351756
-0.2521467324,0.6355527186,-1.49496096,3.156228841,-0.3069853756,0.9425001383,-1.403349306,0.3382813226,1.890256294,-0.4953920092,0.7860572321,-0.7110899933,1.917204893,-0.1417347234,0.4132161654,-2.3699251,-0.355052601,1.007005752,0.7380911214,-0.0250003208,-2.51190331,0.2307726357,-0.1812342667,1.984404821,259.8903807
-1.192722318,1.856824886,0.1871071505,0.4313819396,1.61584972,-0.4929296209,-1.446139264,-0.08324402566,2.663885967,0.2489712009,0.6122023069,1.357106969,0.6471736197,0.6303145558,-0.8620204485,0.2538360314,-1.062044358,1.120852404,1.008675475,0.05863740123,1.13921924,0.1105688205,1.427581664,0.0323080825,26.96815044
0.4683499452,0.8098959464,2.038384915,0.4270253687,0.2167430327,0.4533528324,-2.391037716,-0.8302772924,-0.1881411108,-0.7122142302,0.9117949233,0.999473085,0.2396632394,0.7826587763,1.229562913,0.9339863523,-2.08489265,1.410158265,-0.2235874335,1.312548371,0.5240743631,0.03466580064,-0.09410454016,1.940678887,270.033667
-2.564618308,-1.393989507,1.452789524,-1.001447634,-1.015244676,-0.2525193803,0.4023333735,1.061061042,0.1521831414,-0.9556299321,-0.1091066613,-0.586386014,-0.6493244496,0.2454200114,0.1729884304,0.2511327666,-0.8938845998,-0.5753661199,0.5063184546,-1.437650839,-1.409119548,-0.7058671954,0.07394265876,1.020944864,-117.938859
0.004510785236,-0.9065385886,1.341187138,0.2140441266,-0.2996800578,-0.4830285513,-1.484804842,1.677907469,-1.740435006,-0.5821067293,0.4330255854,0.5957229623,0.3246652796,-2.53186244,1.392510362,-0.7111508965,0.979122619,-0.6392696873,1.335513489,-1.063860844,-0.1300050785,-0.6025294024,-0.570681244,-0.5536353873,97.54803855
-1.612812439,-0.06518482503,0.2773483223,-1.863800727,-2.135793925,0.733610041,0.005994400721,-0.04157946636,-1.759165432,0.4118725005,0.00513501074,0.7111439274,0.8703289683,-0.356610819,-0.2812803763,0.003199055184,-0.01220330185,-1.714474258,-1.809296051,-2.757182021,1.68439845,-1.468257074,0.0569734168,0.8162888555,-220.8249819
0.6779284717,-0.8750767771,-0.2701633439,-0.6496016823,-1.131543869,0.8968865765,0.2728904655,-1.040616638,-1.401750502,0.8616451966,0.4939494053,1.286183415,-0.5630543554,-0.1003342222,-2.424600237,-0.3988568351,-0.5063800631,1.454069861,-1.361761977,-0.3839141413,1.529426886,-0.1809245696,0.1658706738,-2.022264234,-172.5390966
-0.8076920142,-0.1384561749,-0.4682470761,-0.289329939,-0.4209123775,-0.8635484566,1.047023561,-1.78826811,1.185226463,-0.659655718,1.932798948,-0.1268963224,0.1804917216,1.157688869,-0.1164952946,-1.215922134,0.1742967647,-0.06547692901,-0.8012068933,0.7620316773,-0.5875950569,0.684758742,-0.2937079279,-1.177247536,-59.35167556
-1.697427732,1.082655407,0.8361327061,-0.02429263068,0.7733723505,1.589508694,0.884102844,0.8501832489,1.526878595,1.743464424,0.6442929205,0.475842289,1.809673675,0.9150568982,0.7178452583,-1.687523381,-0.9455136797,-0.5828032888,-0.003660082924,0.3231949186,-0.8529373397,-0.2307710106,0.2120094165,-0.1171941331,-69.00628269
-0.7950221288,1.182637071,-0.5926191769,-0.3286753436,-1.125573722,0.4943491205,0.4490658147,0.8542063652,0.03452296015,0.2193279576,0.6286638938,0.7407557876,0.5916058839,-0.3963578363,-0.6562244682,1.264650456,1.501821105,1.565659829,0.4168400511,-1.836118488,0.1661041851,1.740702911,-0.6739309256,1.127970051,98.35395916
0.2491337317,0.9760178731,-0.4172482177,-1.803444758,-0.5731556444,1.08775217,-2.287730973,-0.07940522133,-0.2898308142,0.5331409229,-0.2917561459,0.610433375,-0.4319285884,0.544465648,0.8566042043,-0.3291972765,-0.03234614417,-1.541989986,0.5826249106,0.07382703145,-0.9460241133,1.642888379,0.4891594891,-0.3498629426,6.944184613
0.7734612814,0.2152578605,-0.07429213457,-0.3932133512,1.771430879,-0.3582338389,-0.6633693246,1.477146449,-0.3563632063,-0.77207831,-0.741992562,0.6327522785,1.759063381,0.837161185,1.582084938,-0.9793181391,-0.1834413983,0.9369450058,-0.9343429821,-2.355799105,-0.5460996193,0.06905434328,-0.1262269525,-0.4960684524,-71.92895194
-0.7887567488,-0.6559745394,0.2965013175,-2.172405796,-0.7747912143,0.04174220852,-0.3962303694,-0.9813541292,0.9584322445,-0.525493754,1.875171753,0.9128161352,-1.535976421,0.6274757636,-0.8032383982,-0.1355364545,-0.9973111559,0.1152133021,2.436124553,-0.7131818088,1.006465394,0.5376668817,-0.8520054041,0.3631393388,297.5628504
0.5030206606,-1.217858618,-1.802557082,-0.3885402224,0.6435698491,0.3523164394,-0.6013344687,-0.7368935857,-0.0150868787,0.7885459134,0.2974462929,1.831173182,-0.8392644394,-0.02753406832,0.1855498817,0.5164260981,-1.163827018,-0.4662682378,-0.9339361841,-1.54478593,0.89217116,0.3324818725,1.914790709,0.6485996099,57.47873948
1.033095821,1.208715204,0.892913,1.091146707,0.3649033451,1.464956362,-0.8906550613,0.8760478068,0.4023823213,1.439378767,-1.88017394,0.7192982044,-0.3308482344,-1.103959996,-0.4550113408,1.411006268,0.5845773668,0.265890345,-0.2319492244,1.056070186,-0.1535986259,0.2432369091,-0.8817136105,-1.619617268,-197.7193843
-1.258807968,0.3133785651,0.6024343843,-0.5524832302,1.536698408,-0.2918766983,0.09599624413,-0.5627688907,-1.333004853,0.3097706797,0.3483799842,1.106483978,0.4921535186,-0.8892803938,0.1892190253,0.4296619748,1.995860075,0.4441318502,-1.635749954,-1.04358411,0.9292509687,-1.006283162,0.7737915159,0.3424203275,-192.9740097
-0.9291416491,0.7522497844,1.476571876,-0.1810432461,0.7741270909,0.9438111179,1.295529471,0.4877385332,-1.448647451,-0.8298434984,0.2176491366,-0.3943276642,0.9714859405,-0.3146213036,-0.3451631465,-0.2252204032,1.063106421,0.5650610462,-0.8477006386,-0.538037484,-2.604238211,0.1720613986,2.008746022,-0.4156647556,-132.8060786
2.205164616,0.06414272346,-0.05449536088,2.770525232,0.5033760901,0.3059533331,0.333842137,0.4768919093,-1.089485405,0.4816477964,2.186293593,-0.8036741687,0.2170082821,0.03806592373,-0.5683314639,-0.4865292014,-0.2873074287,0.08442775454,-1.233818386,-0.1476682291,-1.52916892,-0.966812253,-2.749896934,-1.262764712,162.6100252
0.6934014103,-0.0358447072,0.09714208347,-0.7590847159,-0.4600027169,-0.4172649513,1.086415889,1.24293175,-0.1265694863,0.5066413483,-0.44325164,-0.3570186878,0.4889975375,0.004545841297,1.798348375,-1.919420679,-0.7175990398,-0.3087039221,0.2921176931,-0.840418763,0.9493675988,-0.2122460506,-1.303289647,-0.04448253636,43.60617506
-0.4378074692,-0.708632351,0.6198458261,-1.291910428,0.2265997441,-1.947418759,0.6098150801,-1.180048807,0.5136314074,0.57485502,-1.605994645,-0.9886019487,0.7422026648,-0.7382464068,-0.7662881446,-0.03313508333,0.4395366706,0.8118551693,0.9409127309,0.1715499345,-0.9915602183,0.991400017,0.1094035767,0.8157994143,-11.77387015
0.4059765385,0.8430239508,-0.6266741978,-0.3421789274,-0.4999399565,-0.645489195,-0.7977326517,0.2900868568,-0.2504604305,-1.590873915,-1.338222123,-0.2123455056,-1.785398523,1.808647932,-0.03727293294,-1.507018876,1.245234993,2.145624027,0.4903796853,0.7928221772,0.3282439085,0.06565470293,-0.1568903934,0.9594217548,48.25886081
0.1689711833,0.06045532712,0.1570707064,-0.2843335103,0.1432106931,-1.428834073,-1.088455029,0.8285113893,1.451960814,-0.9093001462,-0.5347833794,-1.28407969,-0.7722364147,-0.4522737263,-0.4983215487,-0.9003978914,-1.23848191,-0.8756351806,0.5417872654,-0.6811748079,1.384195861,-0.02989794796,-0.1050091752,-1.661715762,-108.8336378
1.454195308,0.04423283334,-1.038687436,0.4998550198,-1.70100087,1.618025282,-0.1795884585,0.07809441883,-0.1331273706,-1.07000855,-1.030689373,-0.8109411339,0.1308559611,-0.3467894784,0.1983894048,1.823355194,0.4986029378,0.5572220677,-0.6179664592,-0.9677867586,-0.09169547629,-2.118251326,0.951290406,-1.14453103,-95.29876183
-1.138717056,0.3540628476,0.1419239383,0.7161317866,-1.458398621,-0.8638109663,0.03210875861,1.112512821,0.3578686284,-1.374955246,1.58646362,-1.239929278,-0.2452256581,0.1075304352,0.09891038174,-0.7911316697,1.321894657,-0.6753511975,-0.2463066004,1.213365912,-0.500826114,-0.6777177288,-0.9887078892,-0.9357627188,-90.84760361
0.6786659256,0.2941883615,0.916298093,1.757156809,0.5698099563,-0.5755178653,0.0842928643,-0.04265837348,-0.8089420429,-0.4902153596,0.5074131473,-0.06322798614,-1.235351615,-0.455703411,-0.5368899951,-0.02574499239,0.01157717848,-1.029560267,0.4170035437,0.3764746103,-0.6922697853,-2.273851576,1.369955126,0.3341118378,154.5806854
-1.321233974,-0.3590943544,0.6245228607,0.07005858966,-0.4667128847,0.1719726213,1.523809315,-1.463805355,0.6473553604,0.6296891449,2.75765156,0.4767523251,0.2669767703,1.58393185,0.9051580235,-0.4655553915,-0.8312804898,0.4179573866,-0.1837851853,-0.6771233747,2.27055776,1.280326837,1.258672201,-1.838823505,-27.72492598
-0.04412925348,1.1154089,0.4246023958,-0.3762793888,0.4485703132,-1.622501219,-1.37963881,-0.2700282024,1.379974949,1.614035203,-0.07169484508,-0.8996251629,-0.1074159537,0.05237038369,-0.9487454521,0.870703632,0.3855331019,0.2263588857,0.6494715971,0.1473742406,-0.4285693288,1.02321907,0.1505028266,-0.3747448782,15.7716509
0.1531288082,-1.393162685,-1.500380785,-0.2588621719,0.7219533825,-1.81253382,-0.2695361525,0.7635476895,-0.8262499055,-0.01844260007,-1.644697395,-0.2750937001,0.6208691355,-1.037912671,0.561232476,-1.386162039,-0.3562406448,0.659695435,-0.6852083825,-0.7269932062,-0.9984537213,-1.307799382,-0.5659389978,0.09206394654,-220.6183655
1.305689723,-1.472290852,-0.5481362914,-1.312124763,-0.6821873479,1.184942969,0.007854708995,-0.424917293,0.2730923561,-0.4703067868,-0.5999794609,2.462372331,0.2931688638,0.8111831509,-2.496114189,0.1545229058,-1.22193283,0.5921852302,-1.840712948,1.217714409,-0.6465436338,-0.6528893359,-1.241891009,0.07957369743,-64.67232798
-1.270165869,0.08024438576,-1.930111228,-0.9752360377,-0.7793957583,-0.132022338,1.904605917,-0.4863437876,-0.4636738914,-0.4764045595,0.877527812,0.2424939195,0.1198818664,0.09546485032,-0.01346115209,1.038700067,-0.4602099594,-0.5235065375,-0.9046612198,-0.1710160543,1.718969459,-1.119254369,-1.036954433,0.3662106263,-103.7787809
2.472629752,0.8835253841,-1.024431048,0.2429642164,0.4735069054,-0.6001149005,0.2226590584,-2.069118118,0.27456499,-1.275270046,0.09035951466,1.591655,-1.614512944,-0.6343561821,2.684682079,-1.391856082,-2.72398398,-0.2951990411,0.5520357629,1.729393618,0.3808938404,0.07045575916,0.7655485741,-1.321784091,148.6037969
0.8320449613,-0.5109270094,0.764285338,-0.2182660007,1.711095519,-0.4357544178,-0.8751605758,0.3146522531,0.8234455364,0.002250159695,-1.755621104,-0.3513110186,0.3133156558,0.1571110172,0.02549263775,0.06646148221,0.4339347064,0.1011403575,0.7951499641,-0.07766742109,1.572367168,0.9573521773,-0.5550344626,0.1025754163,53.04199211
-1.783880756,-0.4912123618,0.1084799621,1.360558524,-0.8228183362,0.5864598256,-0.5061676097,0.09622328418,-1.274572808,1.341829257,-0.1644862786,0.462327322,-0.5070424675,-1.732915299,-0.5662800141,-2.935234925,-1.597787854,-0.6603127414,0.1921341269,0.09129016242,0.4440588204,0.3438152207,-1.412680459,-0.7858365894,-234.6482642
-0.683282078,0.4777226918,-0.8049677047,0.7165234528,-0.02420105533,1.49124863,0.04771730842,0.2097188381,-0.190340895,0.7132582868,0.7043205925,-1.690124097,-0.160366399,-0.4375598081,1.229111932,1.015024879,-0.6350448945,-2.096216251,-0.3164194121,0.4330191965,-0.3576931973,-0.8215586832,1.221892243,-1.143630246,-131.2942957
-0.00535202069,1.481383102,-0.8678284159,0.2445441741,-0.4508475366,-1.842359342,0.05050188703,0.6890655478,0.9379080547,1.804715456,-0.8702541198,-0.8773073997,-1.343908002,0.8682580713,1.774356858,2.136019992,0.4739134423,-0.2210299314,0.4912295384,1.147690173,0.2562782934,-0.3086460458,1.129536182,-0.4392501426,-75.03936193
-0.8768800034,-0.02470387632,-1.746699781,0.02175878648,0.3197721417,1.006825601,1.290015543,0.3698267687,1.374172625,-0.5676374736,-1.245493804,-0.7280392926,-0.1875675356,1.078758085,0.1654988099,-1.028317885,-1.42710959,-0.6368441494,0.9212355852,0.7721789787,1.189574343,0.5981573625,0.1697931205,-0.9012213398,-196.4348236
-0.4937638803,0.5114664646,-0.5273363599,0.6924536592,-1.773446763,-1.174684507,-0.05746252431,-1.278286665,-1.340978364,-0.06634666523,-0.993724393,-1.469928833,-0.6877235234,1.777822228,-0.9185267362,-0.168418279,-1.59954891,0.6096240213,-2.039452355,1.296912373,-2.40755011,0.5436694941,-1.037817138,-0.2381059508,-282.8220223
-0.8209146448,-0.1621298349,1.741631159,0.5646919152,0.1258145405,-0.7833182123,0.3625161996,-0.9844717602,0.1204834936,-1.037316296,0.6117949683,0.3834425759,1.570423756,0.7168955189,-0.1603073917,1.578230331,1.212261888,0.8871948511,1.488699446,0.7322563703,0.2597080619,-0.4664801575,-0.8712155423,-1.231822209,16.6920878
-0.5171889185,0.1235936527,-0.2668276342,0.612678813,-0.9608942083,-0.3045609843,0.3417534176,-0.3745604033,-2.680343201,0.2288936754,0.3904768603,0.4471855605,-0.4270394367,0.2871077939,-1.203562924,-0.09223700102,0.4517268855,0.4691574124,0.7239190572,-0.3836236584,0.7326159455,-1.320440149,0.655248967,1.202636295,108.1983162
2.535833701,-0.7751736521,1.190177277,-0.312409992,0.5202423294,-2.987526264,-0.675893021,0.1790411075,-0.4550206746,-0.6658662595,1.337758474,-0.04835630188,-1.629556564,-1.067168283,0.5402763537,-1.915579096,-0.4911545647,-2.360436101,0.1969992023,-0.9935729482,1.366288119,0.4507183006,-0.2421052594,-0.2721878646,310.3287319
0.3386090227,2.49155036,-0.005559009746,-0.3859960645,0.5192546676,0.2708047678,0.9478367969,-0.6739819092,0.4119209724,1.192982404,1.222217747,0.03093504634,-0.8399241167,1.118449327,-0.3911337302,1.43487391,0.9483714169,1.161885543,-0.6277983079,-0.2189623882,0.715322271,-0.6135300175,0.6548422599,-0.3290149972,50.79004738
-1.626394995,-0.3109964059,1.449257036,-0.5637496929,0.3406139829,0.6523770862,-0.2649953449,0.413429082,-0.06662312817,1.121775586,0.7156026661,-0.2652741984,0.2001861246,-0.2283263191,-2.020726647,-0.8248767297,-0.9480769001,-1.509743536,-0.6184731147,1.171520313,-1.003444637,-0.1632267834,-0.6333400137,-0.9898007124,-166.6165408
0.3633113604,0.6310866454,1.004714157,-1.466473363,-0.1324666056,-0.05232370589,0.2882106986,-0.001565091045,0.5071708617,0.1149766192,-0.8073816581,-1.775590951,-0.9161622773,0.1416712267,0.5946773706,0.1347476295,0.5856963369,0.96078862,2.120243248,-0.9062215018,-0.04674469265,-0.4448432269,-0.1017209299,-0.8098339986,76.46008708
-1.00238572,0.1974576314,-0.7934917187,0.6434629301,-1.491148041,0.07435865161,1.087895846,-0.001064394904,1.727609493,-0.07139663872,-1.045682032,0.4449662093,0.3156476454,1.027673515,0.2409934809,0.2120718716,0.5497480022,0.6127668426,-0.5486843376,0.5837327539,-0.3627537528,-0.004131179499,-1.322023381,1.814039522,-87.89830934
0.5464306117,-1.180076927,0.3499900385,-0.2450361068,1.499292005,-1.258056671,-0.2707013845,-1.693561524,-1.102326078,-0.08407722775,0.2902544736,-1.035503703,1.137203605,1.307165375,0.2939503215,0.08612846355,0.9183316867,-0.9746230444,0.3935876277,1.497721014,-0.8456066258,0.614936707,-0.4775076936,-1.121518221,39.51650522
-0.006449113076,-0.2675916048,-0.8512817295,-0.9609805277,-0.3863738519,0.3969029418,-0.4458924056,0.66898417,0.9732345991,-0.8868680814,0.18244883,1.401236062,0.4264820176,0.3518297996,0.8915266161,-0.6613750621,-0.9001392845,0.4467432918,-0.9760437372,-0.9196336307,-1.477203746,1.765505286,0.1580214404,0.2651352919,-50.75508192
1.069194413,0.9282725997,0.5162222113,1.008250512,-0.5301046715,-0.540412096,0.08830637375,-1.201128268,0.6132161545,0.1577372756,-0.4151890279,0.5264119243,0.8037712898,-0.6909157685,0.8189457428,-0.5135194497,0.3112526906,-0.1683004996,0.3903264613,0.7339791588,0.9188272349,-0.5882999635,-0.2233078572,-0.6142839297,67.0908467
-0.1185039016,2.000698909,0.323333156,-1.69278307,1.122427309,0.7873087083,0.06111824388,0.3159553195,0.8817670109,1.205407043,-2.594042231,0.6058442671,0.1874684855,0.0347041881,3.001856945,0.9251027001,1.872711782,-1.402532928,-0.7251148822,1.386527033,-1.927616457,1.067399075,0.436333007,-2.348756129,-438.9876417
-1.793589162,-1.808979074,0.3824635098,-1.084847007,-0.328856672,-0.2979625358,0.5693473197,-0.121610895,-2.329129875,1.962951114,-1.595481941,0.04832442989,-0.5929792393,0.5002157778,1.204637927,0.8733401479,1.188006809,0.9521502465,-1.002114068,0.228281332,0.7443375023,-1.981132895,-0.0738133214,-0.7229919714,-395.7663443
-0.940293608,-1.134847391,1.147484261,1.211551828,0.3080976613,-0.3381271574,0.1566152091,0.583596105,1.491077142,1.121620977,-0.7514967429,-0.4605340932,-1.056331521,-0.6766759921,-0.8547319604,-0.2191926755,0.1280556547,-0.8762666072,1.288904204,-0.09848174031,0.6264980354,1.523219566,0.5322357148,-0.1044542757,-31.63033566
0.3519220316,0.8681734388,0.1956564206,-0.6890937581,1.29968945,-1.086004592,0.2368201358,0.2507615327,-1.274051762,0.1393971182,1.058834262,0.2548451281,0.4306543181,-0.5258083013,0.3486145877,0.3830031485,0.8862977614,0.3462071594,1.105716091,1.21832496,0.4350364985,-1.323088434,1.626631441,-0.1507432502,169.5903058
1.958359514,-1.249198246,0.1368247471,-0.4740760633,0.5831711545,-0.04510319945,1.290287058,-0.4419103593,0.1073762606,0.148892043,0.8574376669,1.389784355,0.2852607365,2.56827833,-0.3318809728,-0.1750229124,-0.03879998546,-0.5692457785,0.04158096968,0.2590326589,-0.4289087409,0.02351066489,-2.093465765,-1.403891561,151.5710891
-1.738214107,0.2033442443,-1.471039294,0.03211991763,0.8080065319,-3.4292943,-0.03872575891,0.5483411201,2.076489234,0.3337234635,-0.8045545061,1.103584726,0.9676332615,-0.3097721834,0.8625904961,-1.819552696,-0.5191910482,1.396171845,-1.002590918,1.401765696,-1.82108403,-0.2477845523,0.3078903665,0.04626812733,-326.2217962
0.8441144266,-0.7809523105,2.516954782,1.187215992,-0.5658682053,-1.017315208,0.8763198184,-1.32533383,1.630876184,-0.2338642861,0.3990967759,-0.05231080579,-0.07000204131,0.8891935512,-0.5788237424,-2.342655911,0.2960075175,-0.3788798473,1.835844964,0.4812458217,0.2859264652,0.1217454077,0.3381992128,-1.086276724,217.2702328
-0.1048491374,0.7709475792,-0.9537837986,2.45932862,-0.7942522872,0.1093766678,0.4062512395,0.1059298164,1.123930002,0.86860234,-0.7745274732,-0.8246627323,-1.11493328,1.281905143,2.185398784,0.03400285877,0.4621491546,-1.007611624,-0.8465911854,-0.8476616908,-1.059090939,0.3245537392,-0.7468466635,-0.5024132339,-179.6223615
0.05819766771,1.365244301,0.193291255,0.06732650517,0.9376024592,-0.6577576065,0.4126578237,-0.587255017,-0.8425080125,0.565473932,0.7437122772,0.4330270368,-0.1870702738,1.492072141,0.5600102279,0.2428530692,0.2810308339,0.1781888987,0.3168790502,1.193586493,2.283967015,0.3114971527,-1.088739053,-0.8976792424,50.89435475
-0.2044748018,1.615443391,-0.9599334215,-0.8913738589,-0.4655988472,-0.5382297291,0.9331755905,-1.171064737,-0.4063484362,-0.7343406757,-0.4960070366,-0.4632934038,0.3366736267,1.086982006,1.971059285,-1.108921024,-0.1339039832,1.20160571,-0.1008416223,-0.3226575608,-0.1013900713,0.7736920383,-0.8489876471,-1.275053865,-152.6457169
-0.433317817,0.813550218,-0.4467065495,0.9424443231,0.6228084249,0.3573236409,1.572545087,0.4461719158,-0.5782756551,-0.7926022335,-1.589504068,0.2813044015,0.06327056435,-0.238294165,-0.8897066835,-0.7395814648,-0.7634789478,0.8093511008,-0.5546405721,0.6377319759,-0.3199733823,0.2530938245,-0.6095653662,0.9666906185,-151.4583243
0.1432672326,0.7720846676,-0.1799798341,1.445250689,0.2304823631,-0.5673312313,-1.636414471,0.04436764748,-1.10675572,2.468745699,-0.06107266326,1.4708656,-0.666188363,1.557850475,-0.6277624009,-1.776116935,-1.522601244,0.007689234691,0.5184834986,1.345085824,2.131477442,1.102645822,2.097740068,0.294374243,76.79748044
-0.6162358738,0.4634064842,0.8215975722,-1.803078625,0.4219164592,0.6535179046,-0.5444380026,0.4259526989,0.2534815281,-0.9267151146,0.5464955671,0.1143501141,0.2988609115,-0.7330765669,1.209192901,0.7434145418,-0.07676883939,0.585706767,0.8788779589,-0.4975936956,-0.199265649,-0.3744366786,0.5437287292,0.4260560769,96.39282551
-0.2268090277,-0.1991162861,-1.140184168,-0.1064619318,0.6078511443,1.817826735,1.271303921,0.7721066766,0.6580771913,-0.09669291096,-0.01194887247,0.2121966624,1.526762679,-0.7223246952,1.319545703,0.4995546556,-0.5046705389,-0.2979464917,-1.0858909,-1.075110851,0.6774645381,-1.345545437,1.995928559,0.551605605,-85.4701617
1.458929203,-1.777328055,-2.122987793,-1.01363477,1.009913951,-0.8397577646,1.148060444,0.7532585351,-1.442988284,0.8432059901,-1.726667516,1.212532021,-0.267314261,-1.12532964,0.2215687961,-0.1414628379,-1.485236918,0.07056344793,2.327673679,0.7999352686,-1.256402226,-0.7732612281,0.01808441864,0.1404383286,144.3647041
2.083495159,0.007404816804,-1.458470366,-1.726258339,0.1302629316,0.4865252412,1.665600061,0.6514661272,-3.016314596,1.42866396,2.318162515,0.7245716571,0.8952916459,0.4166331676,1.041907093,-0.5684333138,-1.47929224,-1.2734652,0.4925924426,0.4278214254,-1.593098209,-0.1856821128,-0.3479579052,0.4483698133,415.7795486
-0.1771119359,-1.601606069,-1.390452869,-0.3235582001,0.9181042142,0.870880434,0.1791175855,0.4296290332,-0.7399674484,-0.7590017314,-1.228963776,0.3462273389,-0.5190469425,-0.1421546029,-2.353992168,-0.7556513487,-1.306876985,0.4172470925,-0.8634263613,1.128706717,0.3214755672,0.4633471082,2.261096625,-0.3256702718,-230.755256
-0.2981455022,0.6146641952,-0.4512556812,0.9160124784,-0.209268971,0.1475585224,1.119863235,0.6233181489,0.2243067368,-0.01937313372,-1.361601705,1.509266666,0.5104127187,1.321828507,-0.1690820903,-1.885020915,-0.1703975339,-0.1411721209,0.3354104105,-0.7355095303,0.2942701682,0.2777931699,0.8505563945,-0.7049692573,-160.2890639
0.3530962539,1.379007735,1.613387021,-1.237854497,0.4105141957,0.02847428369,-1.66076003,-0.3460472217,1.12609715,0.3983636658,0.9404279843,-1.645145729,-0.4704199848,1.640291777,-0.8481676947,0.03799167963,0.7046503101,-0.9227415686,0.8539762912,-0.9536625092,-0.06223725693,-0.4917858521,0.7319831229,0.01127419657,220.2969104
0.5046472045,-0.02694545384,-1.454901112,0.2146940096,1.053516022,-2.375601123,0.3700214982,0.1394663877,-0.02140598922,-0.4298770116,0.186704483,-1.58861405,0.08540506786,-1.15027264,-0.4708250628,-0.9017626618,-0.1966538755,1.465759412,0.8676191821,-1.874715673,0.4178871933,-0.9887829504,0.01428424588,0.622898536,156.4555451
-0.3081539725,-1.185923393,0.664078751,-1.206709185,-0.3152332072,-1.026827995,1.575144105,0.08957154144,0.3913450471,-1.457744166,-1.020627831,0.680759012,0.7453858376,1.327031357,-0.6769301919,-0.1041528516,0.7771111186,0.04660929481,-0.4375100296,-0.3849719168,-1.62356317,-0.7329887093,0.007345861668,0.5015156975,-82.29486831
-0.1422758141,-0.4329545225,0.6230072315,1.982697934,0.5749253113,-2.524859241,0.4097147447,0.01230338847,1.997010698,0.6842568103,-1.883905234,-0.536607027,-3.425433731,-1.102014832,-0.8920366112,1.329882313,0.0351383356,-1.142813307,-1.158847151,-0.7220081373,0.0849505177,0.255790749,-0.2355445752,0.1250615547,-233.4890699
-0.9806736599,-2.224001493,0.9593345524,1.506892758,0.6465879885,-0.3518613357,-1.728739215,-1.280562842,-1.203710602,-1.261379627,-0.9930765118,0.5127977062,1.493687229,-1.054607694,-0.1434019091,-0.3462417894,0.5741887542,0.5916997686,-0.1022912314,0.3473875047,0.1568435452,-1.156308038,0.0325116655,2.006605579,17.63856776
0.8697365473,-1.438250202,1.523029248,-0.123500975,0.06712420758,-0.3552425784,-0.3941970012,0.8529435362,-1.572844553,0.7817281149,0.8116658029,-0.2869243451,-1.296215884,0.4605851629,0.175268589,-0.4061988801,0.343301708,-0.9330742442,1.015740785,1.356149981,1.248106344,-0.2604726164,-0.5556462879,0.2633123917,266.1123198
2.235166597,-0.2524954593,0.4022081838,-0.7191031468,0.1886152221,-0.1478925596,-1.05919553,-2.014549256,0.3228817672,0.9930694248,0.5265866364,-0.2289644158,0.3486640825,-1.914092532,0.6122770864,0.7381370652,0.7343237236,0.61758607,1.256407606,-0.6465060463,0.3002872806,-1.255572457,-0.004764162615,-0.8675363715,261.9523394
1.653748225,-0.2017525902,-2.574969312,1.032370395,-0.04420397666,-0.1778898046,0.2157792972,0.1665563792,-1.702982794,0.6199439644,-0.02260806785,1.573164881,-0.3661128896,-0.6856094625,0.08110142387,-0.1021736361,-0.5287144505,1.063061631,-0.6854883764,-0.323374567,-0.806534284,0.9900049309,0.5337742977,-1.265470133,-70.64822795
0.7203271566,-1.090531828,-0.2838461997,1.215058812,-0.5692708356,-0.9175998416,-0.09729593479,0.2927779927,-0.3084678983,-1.741114537,0.1265056855,-1.790230289,0.8323108502,-2.128995672,-0.2054256628,-0.6617006076,-0.1782771347,-0.2893990101,0.09120457962,0.504431467,-2.411499134,0.2069185951,-0.5357486876,0.5334893845,91.87190058
0.1652030955,-1.434674701,0.5241045461,-0.3886937817,0.8867795637,0.878326584,1.616163866,0.2602845574,1.174827694,0.6274284432,-0.9440954075,-0.4732953853,-0.4760366778,-0.1240892372,0.4077124929,-0.3775570726,-1.094124806,-1.378083231,0.1878502812,-0.5579100758,-0.374135561,-0.3619253928,0.2882943523,1.198795773,61.97465074
1.281941426,0.6466937678,1.035624354,0.4123075487,-2.471000013,-0.7940150645,0.2153852636,0.1735496017,0.7134259326,0.6770721998,0.5673038601,0.2893752616,0.9566603898,0.8988316204,-0.4037787114,-0.2375091784,-1.59741891,-0.9841870358,-1.006875107,-1.066434674,-0.2401938711,1.497547525,0.2714252539,0.2362787116,129.226967
-1.445305789,-1.366530251,-1.345175124,-0.394747069,-0.56366484,0.9641835515,0.07612521279,1.659373947,-0.3268524801,-0.5332016177,0.07456572405,-0.4645725274,-0.7884111127,1.105614285,0.9837857394,0.3204526099,0.1545724147,0.2841865877,-2.713666169,-0.6185532764,1.177444257,-1.497826598,-1.174678487,1.599661109,-225.5028084
2.025787967,-0.920324831,-1.295544351,-1.42193272,0.1999842908,1.627261742,-1.071299226,-1.267916525,1.464461587,0.3934749218,-2.574419442,0.5813678644,-0.6688788555,1.150030212,-0.6743946007,0.5156109661,1.330658627,0.30151754,1.887310484,-0.303784169,-1.313782022,-1.327010859,-2.034245626,1.228331147,201.7445069
-0.495106112,-0.6048381482,0.9393176865,1.83796521,0.4736041776,1.021564732,0.6989849051,-0.5037479842,0.05579544131,1.192044218,-1.283424611,1.190956619,1.085449281,-0.1022927055,-0.4810497654,-0.1370308397,0.1233140802,-0.2269014887,0.7424110466,-0.8971229329,0.2839793306,-0.1546827967,-0.2431660269,1.839955083,70.7190107
-0.4994414225,0.01151654706,0.006692768479,-0.5540653286,1.021861998,-0.2147344497,0.8813817134,-0.8833274834,0.4608658177,0.6589386126,1.956398404,-0.3745479697,-0.2720348301,-0.3023643294,0.1221049218,-0.6175297625,-0.3303506787,-1.234229629,0.3616990224,-1.299736969,-0.1208299897,-0.2334765152,0.4357342137,1.931582745,261.5199798
-0.4412341183,0.1902479272,0.1976972413,1.295984869,0.05536262888,-0.3159641385,-0.4127361867,-0.586315696,0.2872891421,-0.4958312156,-0.1635894134,-0.004212854103,0.2619203699,-0.6779358765,1.838776616,-1.175203797,0.2190222191,-0.748063194,-1.741789726,-0.4148940991,-1.133801179,1.326342446,-0.875395608,-1.361071843,-299.9330345
0.2366851731,0.1916581959,1.380672002,0.6207362532,1.367072483,-0.2900253019,-1.389585392,-0.9486932484,0.07194700918,0.8498228309,-0.001198446756,-0.1141114804,0.032441393,0.5456171293,0.1593231746,-0.27943144,1.020673341,0.2195237605,-2.481414576,-0.345513484,-0.2747446501,-1.854015523,-0.0189690605,1.2510627,-46.65967583
-0.5819843939,-1.453125656,1.958865809,0.1262073467,-0.6759976206,-0.9229116005,0.9267596287,-0.6858774611,-0.04995261514,-0.04720834051,-1.038494951,1.150950707,-0.7333953873,-1.535907221,-0.6888886332,-0.2890616947,0.5747136412,-0.5319153068,0.1687983631,-0.09232101361,0.1453402185,1.948761183,-0.3705458543,-0.1955845771,-136.5824505
-0.2718592554,0.06282606492,0.2037500871,-0.3243283407,0.707508188,-0.5533059798,-0.8263897213,0.6211874316,-0.2061120629,-0.1513660464,1.830690134,-0.5651920596,0.1330386635,-0.7235711539,0.2319061595,-0.4116317313,-0.5156043966,-2.404873831,1.332337779,1.063504873,-1.32576585,-1.096426634,-0.6810562061,0.5709681955,237.636004
-1.568623349,1.516821445,0.7733639435,-0.977957338,-2.373539523,1.894816325,-0.2472799136,0.5478601985,1.29247376,-0.09529888294,0.765250263,0.7007361103,-1.059615434,0.03662993721,1.749933349,0.252921322,1.165599683,1.35236265,0.814000277,-0.6704112293,0.7689689031,0.6231709421,-0.002989944692,-0.3375376353,-42.00565255
-0.2088178395,0.2100636968,1.323366374,0.1333253877,1.886451157,0.1570664271,-1.96409273,0.614307464,0.2428624182,0.7840721671,-0.3291204628,0.03283949064,-0.8991607162,1.645902271,1.371490604,-1.951095897,-0.517510151,3.319298037,0.1907276207,-1.995433121,1.677254685,2.074000694,0.7892940212,1.519915058,135.4077622
0.2384712584,1.26231402,-0.5627506978,-0.5268026585,-0.8941902605,0.6352886937,0.01810869168,-1.817875301,0.2919336505,0.7419588762,2.23076553,1.107010733,0.1856731326,-1.83072709,0.4717445045,-1.600887773,0.3351304083,0.7669654229,0.5101020709,-0.6159409085,-0.5600437277,-0.06649692764,1.472162725,-0.6260484983,167.4363307
0.3988049105,0.7177779947,-0.3942066402,1.70300616,0.9947140496,-2.187668038,0.1192978917,-0.8921540079,-0.163893389,0.2702481971,0.2628706323,0.4599902092,-2.582802547,1.446448771,-1.9227155,-0.06966335683,0.407580152,-0.1577838135,-0.3557741784,-0.5459477871,0.7531021238,-0.3823242708,0.7970918055,2.704538104,245.4816384
1.521003366,-0.5794836278,0.2128442186,1.903570468,-1.014669684,0.1095859919,0.731728802,-1.532611395,-0.9190127709,0.5806147319,1.609017299,-0.5504405271,-0.02385318374,-0.1074069544,-0.8224917234,0.2478814648,0.3129799591,1.67130636,-0.4878533025,-0.05024046023,-0.1856501192,1.211067491,1.243240603,-0.321930333,192.3371724
-0.2808615226,-0.02098329703,-0.145198284,1.252888119,-0.8548359738,2.305677306,0.3953584077,0.5899308578,1.113903925,0.5390869786,-0.5344221213,-0.6640437034,-0.5652248486,1.033050824,1.616068637,0.7928043187,-1.419075637,1.291670635,0.9479661399,0.0102382176,-1.671964515,-1.084452795,-1.673259216,-0.3140885297,3.895466759
-0.3034209823,1.544545124,-1.181311076,-2.975429045,0.08744414347,-0.1305307117,0.7930013712,0.5389487622,0.3990120023,0.6006184379,0.6710277167,0.4877089179,0.472261736,-0.6954858038,-0.3430154406,0.9959395793,-2.267509708,1.052596977,0.3127265678,0.3375448761,0.364897172,-0.4099678246,-1.000847164,-0.406374467,-10.5517391
0.4069240922,-0.2208706819,1.026474369,-1.075876921,-1.002210764,-2.189787186,-1.240823316,0.4444087134,0.8457882136,2.574865072,1.273884676,-0.1531436798,0.2596418256,0.1113018551,0.3439813432,-0.8762217468,0.4770269095,0.03778689223,-0.8965513655,-1.688623019,1.857669039,0.021366531,0.1190403816,-0.5933287228,23.09827134
0.6625882376,1.619319697,0.8980589066,1.284395831,-0.6394673715,-0.4491063839,0.938361574,1.912171026,-0.05076038148,-1.451889284,-0.7110420533,1.757203726,0.5036210586,2.122123856,0.9949523897,0.6868892021,0.627113876,0.3853405473,1.229634867,0.7096952306,0.0465232212,-0.1777353707,2.240903557,1.343772713,217.7000596
-1.12564853,-1.331956851,0.7121935532,0.2274535152,0.03608660081,0.5424268939,-0.2912838982,0.2620393013,-1.185607359,-0.6906313266,0.4663549793,0.4448779024,-0.6909489224,0.2442398343,0.1681976702,-0.505623219,0.01502923426,-1.6559667,1.014040668,0.843963813,0.7563389903,0.7391982788,1.728996543,0.6924398736,81.44669753
-0.8675911505,-1.068564036,-0.07823007806,-0.3225075141,0.2007218078,0.6928347145,1.378654723,-1.359859987,-0.3214077757,0.9250366253,1.265478718,-0.3136746994,-1.496902289,-1.222218491,-0.8344765296,0.1607287174,2.878606479,1.07079237,-1.135415869,-0.8730598616,-0.9018057948,-1.041197586,-0.8587044318,-0.05921517743,-82.10871264
0.3965994232,0.6493238156,-1.311560185,-0.6045490471,0.3345837476,1.196074821,-0.6658053665,-0.8617068965,0.3897317474,1.405608296,1.054106677,-0.2903646443,0.915869907,0.6486715316,-0.3854613777,-0.4603769776,-0.3420356048,0.1266598882,0.09418385466,0.3200033402,-2.386035057,0.2975883076,-0.7380780983,0.6302395193,144.1245962
1.062163158,1.099136782,1.309933198,1.398908752,-0.7616526105,0.5498832496,0.3764438146,1.77256831,-1.012795941,-1.145824272,-0.7668752789,0.4694208541,-1.553423489,-0.527499378,1.845751152,-0.674500267,1.758720982,0.3424952885,-0.4837634143,-1.814724963,0.3664539298,0.1847612679,-1.042164266,-0.6927798992,-3.066151653
1.429857565,-0.1243874653,-1.490369843,1.370298959,-0.7551071198,-0.788497708,0.3165600331,0.472175538,0.01705580697,-1.153411822,1.521467812,-1.264774888,0.2373144678,1.672738987,-2.431759449,1.048705742,1.481302571,1.807294761,-0.5377366285,0.009794980974,-0.8420903164,-0.2855614734,-0.5378632823,-0.2995263045,156.7689979
-0.6488398604,1.413682721,0.3359883278,-0.5634529084,0.5729779359,-0.7086541428,1.059763989,-0.9483145867,-0.2586758071,-0.5136019427,-0.8642499651,-0.40699729,-0.9359377246,0.02119122676,-0.2283800755,-0.4722768542,-1.114164424,1.408463993,0.3406052155,-0.4976513325,0.5012871237,-0.6114274932,-0.8108014868,0.9638798502,-19.27699482
-2.436098207,0.1233781682,1.278839283,0.3810233429,-0.9428924142,-0.6096595994,-1.229893132,-1.161425507,-0.4840013747,-0.8367270213,0.0873619258,1.30592504,0.2577312165,0.7869725686,0.01045811648,2.222722852,-2.150061296,-0.8878091142,0.2332928988,0.4194003202,-0.9799507476,0.8094368799,0.9241381551,-0.9951941808,-227.6661847
0.2550850612,0.9207211576,-1.713716011,-1.132339515,-2.265025837,-0.2061795461,-0.3635318031,-1.232323356,-1.970161828,0.8083986836,-0.7279353636,-0.7195300704,-0.3774499432,1.044147444,0.2159097928,-1.130218484,0.4222615358,-1.632225042,1.120259729,0.7625330164,-0.7250896423,-1.616533408,0.7536829321,0.619541085,73.90960331
-0.6304068668,0.1648039428,-2.628971314,0.1392353127,0.6835088981,-0.9027271828,0.8846183514,0.1325619758,0.9227769617,0.5934394174,0.3240434161,0.8452331531,0.5465794117,0.8515700241,-1.229361501,0.7935633073,0.731579553,-0.05088645256,-0.806336835,1.182985167,-0.6686785185,-0.1823936325,-0.8002042809,1.368660409,-35.51588707
0.1029872709,0.9268023173,-0.3938131287,-0.4592964363,2.202545092,0.2171133268,0.6573273856,0.5078372913,-1.00264157,0.95380957,-1.304355494,-0.4527623869,0.5146960243,1.900306145,-0.9823171615,-1.185028987,0.3453448569,-1.394245607,-0.5958220639,-0.106651592,-0.1008749526,-0.1265611819,0.8135045137,0.7263403944,-86.52343584
-1.177678561,-1.793497226,0.8868611947,-0.5393190128,0.8382023661,0.7389040625,-0.5207422451,0.05035865746,-0.7832182373,0.7520778749,-1.191219669,-0.4447047139,0.8925698291,0.9426007994,1.189943299,-1.569047762,-0.4420706824,-1.504539693,-1.543489914,-0.4873644394,1.669276841,-1.164764095,0.248200019,-0.6898739009,-360.1442661
0.0889495545,1.661745477,-0.2374840719,-0.3769501328,-0.8052721329,0.1402748386,-0.6411873248,-1.644233487,-2.993208171,0.9832860292,0.7729181553,-0.1134725278,0.7173425592,1.211422683,-0.534690584,0.1183854442,-1.170548773,0.3531854806,-0.07763469667,-0.3649534771,1.572001431,1.021523446,-0.6550062604,0.7681544379,110.3161503
0.5587921946,-0.04732317974,-1.685824245,-0.01185834098,-0.009832276277,-1.497885246,-1.192575137,-0.3014245711,-0.5615211598,-0.8456527894,0.6098570098,1.263518442,0.0947938316,1.355364743,0.6361857055,-0.1885019679,0.4779681455,-0.6301112685,-0.1024146712,-0.501417999,-1.302909419,-0.5250002358,0.7225817576,-0.9859894172,21.61382959
0.04336010436,0.04741404067,-1.854907421,0.8172217407,-1.502352314,-1.050610818,-0.6132221013,1.004558794,-0.187639741,-0.2406718408,-0.7085842111,-1.143115522,0.9048510904,1.340225983,2.410680995,-1.063501832,-1.448621101,0.3389215333,-1.065014553,-0.2262890867,0.4557423387,-1.99854265,-0.7900231375,-0.2974881493,-178.1669296
-0.5599207472,1.820200018,0.6603330282,-0.6659230843,0.763437671,1.79069271,-1.028680786,0.475920553,-0.06251471589,0.9879453829,-0.9387692557,2.624693211,-0.04239301922,1.329941522,0.9190407451,0.3612836256,1.466957361,-0.5590885159,-0.1700064442,-0.5112433004,-0.9483841238,0.46921917,0.1231556467,-0.7158929541,-153.2549471
-0.9528762934,-0.116512138,-1.395032296,1.526371096,0.3614111355,0.4233104514,0.2080316112,-1.216096665,1.771128792,-0.01032503068,0.2274440732,0.6322531572,-1.502689969,-0.4983756043,0.01940407291,-0.3260573667,0.7800125053,-0.0429597066,1.063511074,2.156350075,-0.412402125,-0.04351095635,-0.7308741036,-0.1352124728,-25.30461104
-0.05272917028,-0.9210819684,-0.3712039508,-0.9969664617,1.344284334,-0.2222033977,0.3848628428,-0.8792300707,-0.08819584076,0.471188454,0.8351594536,0.8251083621,-0.01413209365,0.3648704244,0.833028745,-0.4653224228,1.152569545,0.3460934207,-0.8350671913,2.259802485,0.349590875,1.4116438,-0.2507980183,-0.9534747527,-75.76229294
0.8051143263,-0.08848370944,2.031796599,-1.574402215,-0.593507382,-0.9466722178,-1.851599225,0.6354819938,0.747626982,0.4136378654,-0.3631067384,-1.366149172,-0.6171187961,-0.5993187228,0.7332589016,1.505938305,2.315883371,1.08187884,-0.4565118329,1.42209863,-1.210633722,0.7249103939,1.046316063,1.329009849,118.8203617
0.8929039333,0.7753856312,1.85459521,1.308375499,-0.8198564337,-0.6192336445,1.289028163,-0.4373468926,-1.567464103,0.3420581085,-0.8708949846,0.05037319518,0.5060697251,-0.6033545662,0.2251971251,1.046634612,-1.133209647,-0.128904131,-0.1620041091,0.4563263676,1.263304687,-0.1629875458,0.9099178729,-0.249652485,7.338561362
-1.130165938,2.92317882,-1.061819464,-0.3951304036,-0.9707277184,-1.968052505,0.09728757948,0.828936312,1.293646526,-0.2464411282,1.217021683,-0.4255363975,0.6125196832,-0.1932085699,-0.9912839501,-0.7939667091,0.8805070254,0.5411238066,0.4070594883,-0.3754592716,-0.275698967,-0.4595776273,-2.085917567,0.2246201412,23.56770211
0.5795937114,0.07640989039,1.409822579,-0.3872041159,0.9598377747,-1.142858983,-0.02126897266,1.57004738,0.1051374873,0.3049633549,-0.7391889211,-1.954554205,0.5586003968,-0.2955666371,0.5161101678,-0.3124655692,-0.1813684573,1.610039785,-1.044910314,0.3663563272,-0.4286502637,-0.373037149,1.235790221,-0.3220632422,-90.84918428
-0.5981505021,0.3014014563,0.3998414064,-0.2914638989,0.7067275311,2.349157211,-0.8369472866,0.3174793592,1.274077671,-1.240483248,1.441025205,-1.178052712,-0.3543006908,1.506331911,-0.7349942285,-1.608008481,-0.7579059242,0.6543973411,0.884685448,0.2280906864,1.340734945,-0.2427071168,0.8472617135,0.1485984513,156.6843886
-0.5062413544,-0.4758733384,-1.568738897,0.05062471944,-1.223745913,-0.3051832494,-0.9520077378,0.443461093,1.935464139,1.84954219,0.8863624838,-0.02461000903,1.137519596,0.8636154824,2.014711323,1.239424317,1.912044565,-0.3387130671,0.1463515621,-0.8726125486,-0.3014858573,0.2093899837,-0.1150722061,-1.408727382,-67.64090462
0.4046690582,0.111684222,1.522816399,1.161257234,0.4179665531,1.347506935,1.081149687,-0.156615903,-0.9212510326,1.055254998,0.2046194412,-0.7064193844,1.125984251,0.7609558731,-0.4664079488,-1.353294651,0.4689039371,-0.3852172042,-2.001719808,-0.0556345881,0.2712630333,-0.249315383,-2.30368593,0.4852725653,-55.03492336
1.21468271,1.45616995,0.5526976204,0.4941450622,-1.044084697,0.641582814,0.270082995,0.4549304243,1.089958721,0.2442212397,0.3996720459,-1.182000793,-1.626641245,0.4432355252,0.892851752,-0.1518768313,-0.4616693039,-0.4314588866,-0.119487276,1.421989195,1.250606724,0.5724403551,-1.094039802,0.5607462314,183.1748125
0.3249113436,1.690142908,-1.030805554,0.6462145222,-0.07124149672,1.490094832,0.1453707872,0.6989933732,0.6353301827,-0.07765000575,0.3396966662,-0.8554126658,-0.7447574601,0.8421453947,-1.453007039,0.6756308883,-0.8688544771,0.2401970821,-0.4576561109,-0.3555561065,-1.576422282,-0.7110181742,0.7266145421,0.680782702,57.9734185
-0.3088843608,-0.7014864705,-0.744241567,0.2433355334,0.7123681462,0.2806386279,-1.364733692,0.2807279196,-0.4994507285,0.04355254182,1.050770557,1.503647895,-1.283604253,-1.665264368,1.505610336,-0.5538292579,0.7663733703,0.5782261294,-0.8076496386,0.3834237019,-0.06631653711,-1.075247187,-0.1277412997,0.4059287604,-30.2754237
0.7887130828,-0.340776396,0.3426282571,-0.06647748361,-2.240635971,1.056219168,0.03588446596,2.740352959,0.5932098858,-2.004547562,-1.088332913,-0.6688249237,0.1817332809,-0.1809127283,0.008713504175,1.335321448,-0.2452587422,0.2145285219,0.2776086887,-0.7808341156,-0.9122119132,0.2790071018,0.526571036,1.623312414,135.2128317
0.1244468122,-0.1867328326,1.215141535,0.7634515243,0.8318073669,1.690162108,-0.9597342531,-1.214403482,-0.556684923,0.5301901202,-0.4701739218,-2.354807058,-0.617869189,0.05083952909,0.8087640691,0.2220765558,0.6761253913,-1.407011829,-0.02823351914,0.9620136003,0.9253072144,0.3771805021,0.04167229431,-0.2486199743,-6.406820532
1.314110569,0.00211696313,1.216525327,1.146927553,-1.644055749,0.1624028261,0.9991759551,-1.603735823,-0.913462598,-0.2026256573,-0.2586740989,0.6677953029,-0.002277459898,-1.689354184,0.4336252385,-0.08389209353,-0.8711867963,-0.2030392995,0.7073601259,-1.3256213,-1.282637759,0.8555451657,-0.0471754631,-0.1557714487,136.1877038
-1.199341776,-0.2255855642,0.08893368421,0.5471107251,-0.1181585818,0.6548090486,0.4102548504,-0.6487885436,-0.01328610408,-1.10092366,-0.3013114342,0.9658474656,-1.072368454,-0.06697905013,0.5557016322,-1.144503304,0.8135590483,-1.826639011,-0.6450135677,1.264556542,-1.357685475,-0.9439752846,-1.400169456,-0.862626816,-234.5511738
0.2006304882,1.588903002,0.203273018,1.220604369,-0.07750498279,-0.4181059659,-1.64093415,-1.318663314,-0.9471234052,-1.363044028,-0.4785582969,-0.6409804909,-0.8909474182,0.2369667451,1.516478972,-2.914643649,0.7553059924,-0.290303591,0.1575684148,-0.4540204883,0.0348312795,-0.9160195712,0.3690454489,-0.7142798922,-54.55946738
0.6542079135,3.046191535,1.230363464,0.1630446143,-0.1987042961,1.32893926,0.9139666903,0.2198810106,-0.2766289599,-0.6827206793,1.148444046,-0.7655184687,-1.206943055,-0.1680722257,-0.9822318063,0.7732736852,-0.07114759985,-0.1410535538,-1.583880061,-0.3010154989,0.3541406353,-1.181541544,1.364073242,-1.039501377,-18.61148338
-0.3506937081,0.524852572,-0.83128519,0.9829615858,-0.008710616241,-0.9829057741,-1.005985859,0.2321941647,0.9436118056,-0.2865888049,-0.04027210314,0.1623845298,-1.671154594,1.212850658,-1.438274715,0.3104565819,-0.8361364028,0.3516259782,-1.1288389,0.3819201774,-1.057311169,-0.154713632,1.075592019,0.7665531307,-54.64201961
0.7943141408,-1.054676959,0.2319521654,-1.376480223,-0.6222945311,-0.6359526449,-0.2938751989,-0.5735484888,2.567930051,2.567363691,0.8498848721,-1.465246513,0.6506012419,-0.3315373973,-0.8645757368,0.389421618,0.6698498474,1.612574736,0.5245759181,-1.271501942,-0.469400282,0.4867278848,0.01637518178,-1.602891388,66.79910008
-0.192118936,-0.3686368588,-0.6978132365,-0.3010135537,0.9321270017,0.7223638402,0.3978164549,-1.333682611,0.7989204668,1.430464534,-2.587336843,1.524630018,0.4622539334,-0.01480096168,1.397492587,-2.333841358,-1.165833464,-0.5344299804,-0.4677913833,-0.5749267993,0.8210807702,0.8487563076,0.3154891344,-1.361533767,-369.5287514
-0.8978238522,-1.746895876,-0.1562032832,-1.478794425,0.4944573891,-0.7284953839,0.5334930901,1.597889392,-0.2856299743,-0.6054270579,-0.677042361,-1.803753544,0.9875163043,1.630278747,1.683138443,0.2369574695,0.3244479095,0.891166447,-0.8605381419,-1.999581972,0.595616553,-1.051808467,-0.01802366702,-1.304651609,-293.9725983
-1.690646714,0.6245193456,1.394553513,-0.9903749828,1.225375542,-0.2636115354,-0.04167539833,-0.6180109135,0.5617995242,-0.6078533064,1.380500334,0.2271561379,-0.8191632507,0.8512495424,1.400623377,-0.7687341894,-0.3037833692,0.9199769441,0.4844308156,0.8579666088,-1.407888,-1.546064409,-0.4590186005,0.2232691587,59.48486649
0.4944312195,-1.043865832,-0.07039419577,-0.8877601905,1.117604569,-1.199765861,0.2583607128,1.257389729,-1.133888663,0.07700662116,0.2534471241,-0.2745361603,-0.8596808544,0.9762197078,0.9498104247,1.235641948,0.7551662182,0.9342759157,-1.549977783,0.2924717512,1.06941258,-0.5954831857,-0.2730972382,0.3911573498,-36.1918939
0.4799970478,-0.7015893432,1.185045877,-0.5463860113,1.650388557,-0.4837880294,1.874966659,-2.560364938,0.00369052354,0.4278402022,-0.228375811,0.7829568508,-0.08503356582,0.9378748704,0.5517316972,0.4504382523,0.3640732308,-0.111117621,-3.119149615,-0.5793267498,-0.8057979155,0.3743117844,-0.5600020158,-0.8590650994,-220.148659
-0.00220930534,0.7345274578,-0.02022868293,-0.3291444859,-0.6456538145,0.2465655681,-1.677229179,-0.1211788085,0.5708122323,-2.315954833,-0.6004292719,-1.631044431,0.9089412952,0.4617061639,-1.566761614,0.9775323395,0.5350331336,-1.291980643,1.07434347,-0.835697943,0.7289920113,0.008169635585,-0.4620610201,-0.7327861116,-32.88894012
-0.6815528552,-1.719590409,0.8151747272,1.266849241,0.1657653841,1.609430646,-0.2702376977,0.4154869996,0.4572349287,-0.537267411,-0.3841568375,0.09973903723,2.023178104,1.63937338,-0.5372820349,1.028270183,0.3760897948,0.4398342099,-0.9668823374,-0.8621374468,-1.318605257,0.431089161,0.7961303336,-0.6469461765,-171.8935208
1.80986964,-0.6900133967,-0.03090380165,-1.095620449,1.415506876,-1.271353019,-2.163578342,-1.604798642,-1.50656555,-0.9353141487,0.62069624,-1.687170358,1.075009448,-0.5950544515,0.4422957355,-0.5842174097,0.9007532094,-0.2052311829,-1.429037165,-0.5149053059,-1.179462345,-1.300135419,2.427838246,0.5214882358,129.537096
0.06431750153,0.9833099431,-1.021216605,-0.4062352044,0.71008401,0.5388849833,2.175413689,-0.4960969008,-0.9923751256,-0.4162084835,-0.9086133273,0.8137533481,0.9718915442,0.5769770529,-0.1975261204,0.289948786,-1.188845618,0.5439110555,0.7931261254,-1.254513908,-2.339596943,0.8811110628,-1.426506345,1.434746971,107.4562216
-1.61848778,0.5944899691,0.8407483167,0.3691884844,-1.506222053,-0.4772439121,-0.4261133375,-1.126770079,0.5815367131,-1.064310708,1.085621732,0.6856156162,-1.057338673,0.2379987385,-0.2791629353,0.4811615992,0.3446352296,-1.401039687,0.4775704524,-0.2482555589,0.3373323889,0.3128459,-0.7267924416,-0.3142807408,-28.7248687
-0.698379585,0.9579053736,-0.9823865261,0.484577756,0.2214930845,-1.183194118,-1.076495325,-0.2269053295,-1.504191221,-0.1262851452,0.2423917471,0.8700110994,0.04529447102,-0.5254167135,0.599714198,1.009623789,0.7004393787,-1.971457812,1.336190286,0.8589233637,1.49362216,0.2260737042,0.5404703664,0.5578463884,73.14519506
0.7150313641,0.4638843006,-1.15405607,1.254757333,-1.775697219,-1.063095035,-0.4799265497,0.3099516919,-1.254690371,-0.6960354107,2.763812893,-0.7064536906,0.5099963622,0.07569886899,0.554182146,0.4956895614,-1.696227492,0.1130041117,0.2202269622,-1.500027884,-1.240052116,-0.1174605409,-0.409622917,0.1936473877,285.6362834
-0.910499583,-1.091732046,1.138850435,0.5887039344,-1.165099399,-0.111322939,0.6204898532,-0.04288559037,0.9190598696,0.4274331743,0.4822842485,1.08637363,0.3705412757,-0.9998033249,-0.3721479419,1.15754483,0.1675202248,1.093750448,0.4459752836,-0.4337431153,0.4934419895,0.4743168714,-0.3813511663,-0.003558934334,-1.857375836
1.820027188,-0.9433314479,-0.08947071851,-1.972507721,1.055691495,-0.4941319331,1.100820209,-1.580781455,-0.9265149635,0.5035076386,-1.407125951,0.00954340966,-0.4380319024,0.407467468,-0.7011838702,0.8442791668,0.5986379539,0.7144167763,1.244618105,0.3455725563,-1.783470448,1.798272713,-0.208177314,-0.08678602444,161.2230281
-0.7991679181,-0.3221178432,-0.1348973969,-1.384623141,-1.284870962,0.4499860057,0.7173596102,0.2009248779,0.9902548676,-0.02788818743,-1.031201912,-0.5391033668,1.032898524,0.2494109511,1.337056579,0.8076206335,0.2793568848,0.3191797273,0.6405378271,-0.05545377543,0.4682299026,0.9747961441,1.205468422,-0.4406823541,-132.4112968
0.03709466561,-0.6159568766,0.7742056471,0.2925233999,1.611937385,0.1075493451,-0.7296528175,0.6552285927,0.3578050381,0.6273443113,-0.02837649701,1.042200789,0.8357306555,-0.6273579022,0.9514413722,-2.021329723,1.894771655,-0.2465961606,1.099789593,0.02528431785,0.4057147555,-2.873765091,1.022239512,-0.6166006834,45.16430304
-0.4415600262,1.224190061,-1.767420521,0.7858314604,-0.3004659587,1.472429677,-0.4821916932,-1.557916542,0.4269905786,1.086531415,0.3877561656,1.00717009,1.058929,-1.698740356,0.2369154321,-1.321901221,0.5957697836,0.2531271768,0.7295698373,0.9386917738,0.6275333953,0.4129070998,0.3198736853,1.127142353,115.3504751
-2.432367658,1.035951698,0.3485952689,-0.3012554043,1.057343238,1.282019326,0.9911951032,1.365846448,1.047421806,-0.5229329808,-0.1876306809,1.722326692,-0.1093720576,-1.004062749,0.344493714,-0.01179701852,-0.547748194,0.5024920958,-1.691325792,0.3063398981,-0.8479968099,-0.01346491694,-1.986910777,-0.7175904932,-433.6656686
-0.2115258916,-1.345881923,0.779494351,-0.1981924478,1.671256759,0.2899866162,0.1482671323,-1.378018453,-1.354576667,-0.02296495578,-0.3692855176,-0.2539060691,-0.003794959035,-0.8417711845,-1.189738514,0.5431030305,-0.4890301457,2.225013894,0.9651215583,-0.5535947615,-0.7248676327,-0.2525735731,2.344519075,0.217622415,47.70871566
0.4726997907,-0.7846918184,-0.8445702885,0.3780917095,0.07632695175,-1.621185945,0.06849639251,-0.2159583359,0.07015968248,-1.320232483,-0.7062779084,1.199597739,0.1261237066,0.4684780272,-0.4001050755,0.1085585866,1.139538549,-0.3883195115,-0.07576596768,-2.146674874,1.052232443,1.457101553,0.3839557502,-1.423064698,-136.6303524
0.7151545308,0.3941138234,-0.3744732819,0.02949786271,-0.1633154841,-1.209087859,1.572178095,-0.3681379178,0.397723085,-0.1670004169,1.045880445,0.1511223462,1.218144349,-0.398451954,0.5712265129,0.519208918,-1.352478654,-0.3471479372,1.399743204,1.195384348,-0.4296216669,-1.822043512,1.426686109,-0.8784188199,168.3505676
1.564033295,-2.416241572,-0.9430143605,-0.9306052889,0.5180135589,-1.125284836,-1.301971634,-0.4483034148,-1.474251547,0.410421356,0.979019485,-0.3630924782,-0.3289173352,-0.02875636008,0.02390871673,1.168041952,-1.831267195,0.4650953652,1.718407965,0.6336399193,-1.512840694,1.106464645,0.9615554605,-0.1442500946,322.7270241
0.8632724166,0.8045348996,-0.5659740745,-0.7968765337,-0.3048051227,0.1736795764,-0.2186434703,0.5771567151,1.320974342,-0.2848035065,-1.267953619,-1.245264601,1.598717126,-0.0678225738,0.890602955,0.3913813614,-0.6731987079,2.385107736,-1.058039369,-2.721942641,0.452527734,1.385706875,0.05768276603,0.3041028987,-70.67942274
0.4681748936,0.2283350343,0.7910603936,0.1147999361,-1.300941458,-1.395385722,-1.112534504,-0.7145494097,0.6309440381,-0.3279082903,0.484043469,-1.143367857,-1.245376797,0.1294979837,0.3024954486,0.05478237168,-0.6252769958,-0.7333194339,1.190018256,-0.6916221074,-0.8034372006,-0.1837201732,-1.349664085,1.632560201,288.6028961
-0.2522002159,0.0410452843,0.7967363389,-0.2281107391,-0.3757277797,0.356497756,0.2086551081,-1.343616051,-2.217197881,1.132985795,1.099071588,0.7246179699,-0.4232923741,-0.65476365,-1.073685759,1.578786566,0.08435239813,0.8077496483,2.066353042,-1.728740422,0.3190899066,-0.9950561041,-0.00984449188,-0.634854246,173.4377642
0.5377426826,-0.577434143,-1.432862887,0.3837500356,1.479416203,0.1037093464,0.9768163697,-0.416913844,0.9096498201,0.6972854069,1.109701281,0.4724128945,-0.02666706215,-1.438588842,-0.8380642254,-0.8821273219,-0.4115654998,-1.150170154,-0.3471874171,-1.077478139,0.6788509487,0.9302445495,1.621507029,0.4199844921,107.3283274
-1.513367543,1.410448601,-1.079876896,0.6905538937,0.1685150714,0.1426175714,-0.6973554751,0.6641144649,-0.06768751804,-0.7107881234,-0.1030595287,0.6364672643,0.7079166749,-0.09902237119,-0.3523567212,-0.2812924385,0.5036760009,-0.6263793084,-0.1492042977,-0.05629777481,2.089056822,-0.06130279341,0.4002177988,-1.608303465,-271.8178967
-0.01214436661,0.6881575928,-0.1744303478,-0.001416914075,1.641333455,1.421234258,-0.4421870099,0.482935828,1.802730171,0.1709150422,-1.789837238,0.2888544087,1.663043695,-1.637150726,-1.937789567,0.1474635824,0.6850240076,0.5401912265,0.9016064309,-0.1136844131,2.136558928,-0.3890969173,0.1669373241,-0.7659331139,-112.7937406
-1.506227485,-1.532211147,1.091652276,0.9165548039,-0.2004270185,1.55009679,0.4729474543,0.2543995242,0.4191764374,0.3743494733,-0.1472676007,-0.1406989455,1.160885845,0.7237968425,-0.3948008629,-0.4885362707,1.560131467,2.355085956,-0.4020161029,0.7277662055,0.3552080554,-0.7326787265,0.4850731431,2.284890827,16.15720124
1.327863639,0.2445432573,-0.8916888008,-0.8063787565,-0.5492694786,0.1203285025,1.058721597,-0.5609906398,0.7707769786,0.8801170194,-0.712240204,1.937232204,0.7782802404,0.5904908468,-0.5525423953,-1.997046896,-0.4667165347,0.176798327,1.149187738,-1.682570493,-0.2063628414,0.3437274876,0.6450605538,1.082171408,210.3592429
-0.8639935351,-0.05601390722,-0.1700359136,-1.371840787,1.034801365,1.879220327,-1.166350282,-1.541595191,-0.5001632759,-0.3930622315,0.8653351916,1.318059939,1.14454388,0.7906315147,-0.1700221529,-0.8473405358,-0.4939340024,-1.159511539,-0.733404116,-1.171214071,-0.4231960003,-0.789158087,1.02091818,-0.9523537864,-110.382348
0.1751572615,0.9332616355,0.8447555478,0.5354074282,1.151267396,-0.2881658798,0.1734710215,-0.01569397648,-0.04325352123,-0.1407822927,-1.601819174,-1.344607734,-1.124250517,-0.4604325628,-0.06672449079,-0.1845767946,1.860067046,0.2923791146,-0.4533786171,2.731292915,-0.428541224,-0.9364352385,0.2893265282,1.285034674,-56.29664423
0.7275455004,-0.3664905019,-1.411224969,-0.5896149667,0.2021878005,0.01309388507,0.4427838909,0.9910458897,-0.5696563591,0.8888499776,0.2701338662,-0.2409868933,0.3359786451,0.1856766406,1.34608772,1.78255665,-2.22356393,0.553558832,-0.2932233738,0.1258140945,-0.1941022459,-0.6874440978,-1.191542827,-0.3311112856,23.99194345
-0.5177523012,-0.4087471882,-0.2116225609,-1.195844778,-0.6243906306,-0.316660698,-1.053322765,-1.809105601,-0.4172724744,1.395623356,-0.725117558,-0.06274539047,0.7029178886,1.600860357,-1.782461291,-2.258258078,0.03576321729,-1.287442242,0.1137479798,0.7659370699,-0.1209010792,1.029650278,0.9367141278,-0.9364937117,-141.252563
-1.058849726,0.6926344705,-1.798826231,-0.1207661593,0.9598022879,1.144814016,-0.283484559,-1.193176981,0.8283947665,0.460267758,-1.386215202,-2.094332799,-0.3633324024,0.6471723991,0.01335027372,0.3602097612,0.7178159933,-0.1400692018,-0.1506826422,-0.8606397607,-0.4501060493,0.6763375323,1.050375859,2.410756051,-75.59296262
0.0581452232,1.268684367,0.2231985176,-0.3472762419,-1.73203746,-0.5385448775,-0.3064110215,1.104970137,0.1639271733,-0.9025851501,0.8152681425,0.8099056717,-0.1495524353,-1.236319051,0.4511106997,-1.291148881,-0.6526756971,-1.185216138,1.002547357,0.3316786426,1.639170183,-0.4213512397,-1.276296442,-0.7222291666,86.516973
-0.1352659765,-0.1135424504,1.469564535,1.393769535,1.182832691,-0.439200575,2.116982709,-0.07601859052,-0.3600640232,1.933815894,-0.7954784552,-0.613772861,-0.06428891185,0.2205554356,0.1622710214,0.0771706711,0.09759049125,-0.3007339912,1.052207947,-2.598684908,1.479758671,-1.233120784,0.3301661239,-0.2152753121,16.48369795
-1.000405591,0.2177687306,-1.74735083,-0.9733291922,0.1846225511,1.296559979,1.585596981,0.4616502768,-0.7132895636,-0.9008963169,0.2580269604,0.4812221223,0.803957671,-0.9268328565,0.5445432657,1.804783977,0.4906296331,-0.3356083855,-0.7431652417,-1.213138468,0.2348683034,-1.574004554,1.123699741,-1.419325623,-266.1782094
0.983745265,-2.570730282,2.724008569,0.9228671072,0.1038460953,1.202986259,0.3303251294,0.3636088537,-1.11710455,1.398927147,-1.224172826,-1.879408714,-1.670323282,-0.07769285136,1.204370761,-0.1365564573,-0.4917924279,-1.378411756,1.821638374,1.225409848,0.8183150799,2.27390829,0.1243140642,-0.08784880312,164.7860316
0.9889616532,0.2339900044,-0.9055660447,-1.471646943,0.6729170779,0.5324487695,1.044876425,-0.7722839065,1.027088327,0.3926740458,-0.551728925,0.9897029337,0.2505475552,-1.33876693,1.076140509,0.2318290374,-0.1013134674,1.439601145,1.302789575,2.339289854,0.2934879942,-1.70239935,-0.4053507884,-0.4582620318,91.31724642
0.413588138,0.4781183934,0.253716331,-1.396200399,-0.9653548875,-0.03707207662,-0.6617686488,1.793665068,-2.000752038,-0.6093126975,-0.8912192529,-0.773080621,0.8252807453,0.2445855519,-1.079894191,0.5326017021,0.4764075516,-0.4801378963,2.8633124,-0.3844388227,0.3408002153,0.5390849041,-0.4996957424,1.674818482,310.2013909
-0.1444034131,-0.07738024413,0.8536292406,1.34692504,0.4421219432,-0.4509236623,-0.4934699515,-0.5481972375,-1.412702092,0.07758339685,0.2322338802,-0.4895453587,0.720618281,-0.7038943023,-1.00905715,0.2393463181,-0.5175953501,0.9480813456,1.074150353,1.872122647,-0.1316825702,0.6074896686,0.793913694,1.720565781,232.3497449
0.5619615501,0.6404681712,-0.1623747356,0.2624310243,-0.2535358674,-0.003408131453,-0.3975332928,-0.2969285247,-0.1760531632,-1.234451175,0.3639974998,0.5785904808,0.6457379424,-0.3056557815,1.318674954,-0.05621571975,-1.695178881,-0.8122922506,-0.3240541498,-0.1091869022,-0.3295846672,1.136961329,-0.6458240251,-1.149575133,-40.55835117
1.351580559,0.3038157636,-0.8479256411,-0.2362943068,-2.200275926,1.012331711,-0.1990186044,1.372885107,0.555470174,-0.7426129162,-2.280553336,-0.5766705424,0.3277604892,-0.01481743269,-0.6994341535,-0.1381816511,-0.5798689592,1.432905516,-0.909965195,-1.543516773,0.5183858508,0.2676837741,0.1211995988,0.07873516239,-133.4687251
-0.3925042793,-0.0512384404,0.9006738448,-0.7806419486,-1.811559972,-2.330527691,-1.156219996,0.5842878448,-1.270162695,1.055200757,0.9814657379,0.821311209,2.480265018,0.5867672437,-0.4014954174,-1.25779865,0.1365166603,0.6411631983,-0.5211399494,1.799398715,1.184229835,0.4058330723,-0.6903506343,-1.296072888,-79.50856979
-0.341130889,-2.048959943,-1.119097374,-0.7856275167,-0.8329661502,0.02573741315,-0.07055323221,1.400690865,0.5258470764,1.569962888,0.2684990757,-0.1902111356,1.000850471,2.576250254,-0.9309628634,0.5923779978,-0.1085647485,1.491977003,-1.213908411,0.7704349161,-0.450355992,-0.6027466755,0.3452332732,0.2660691121,-66.22730667
1.1847607,0.05418770133,0.003128975453,0.6124480836,0.4915126413,0.6722244401,-0.8407947054,0.5712961639,0.1822348792,1.158755376,-0.264120217,1.082197233,0.6176301095,-0.6427292751,-0.2932918027,0.8242286726,0.6492553424,0.2440988625,0.8128549785,0.8252993043,0.02086195543,0.8014986832,0.3326773266,1.737464294,294.0369544
-0.8875464486,2.23986772,0.9875324315,1.257416196,0.231386354,0.2928417737,-0.3303550028,-0.4703331736,-2.185696114,-0.4297340042,-2.084590992,-0.6374902161,1.01313114,-0.01246829445,0.4395526533,0.06442672511,-0.9559402114,-2.044046018,-0.226381855,-0.6263250414,0.1165656342,1.550921064,-0.1184427861,-0.1056401064,-194.8839262
-1.324383248,-0.8538546265,0.7382020824,-0.1629654163,-0.5680485467,-0.4615878081,-0.804142069,-1.024786355,-1.220154858,0.8170223655,0.3378176227,0.5438546232,-0.3447377864,-2.224802234,-0.7686709312,0.3452763535,-0.1610396764,0.2580392149,-0.6182722423,1.860099212,2.087461678,-0.1486990027,0.9299628836,-0.2918063503,-160.5228847
-0.5644660129,-0.1144229675,1.724821336,-0.6414988271,-0.1920068786,-0.9823737686,-1.28809704,0.9545791116,-0.5357756312,1.616600794,0.3603856143,-0.2233472952,-0.7963904617,-1.38390122,-1.729784585,0.2991964576,-2.218522555,1.276997919,-0.2565187513,-0.6482818894,-0.7752861644,-0.5322556665,-0.08270526474,0.09542566241,-2.595767732
-1.37836055,1.523795037,-1.10165962,-0.5352610855,-0.9562024218,0.5034027516,0.04887951394,1.156580118,0.03992628581,-1.141451077,-0.6742216636,0.4108256017,-0.3572323752,0.2454953444,1.460741115,0.5309897295,0.3778526485,-1.183981293,-0.5439924961,1.390372035,-0.8734232379,0.2208280663,-0.2896202271,-1.146641679,-312.0195735
-1.140986763,1.282759034,1.634508048,-1.005439261,-0.6581658378,1.489968446,1.507972292,0.1989620698,-0.1944267962,0.5003936473,-1.000118953,0.4465940466,-0.2544190797,-0.5285029392,0.5031933487,-0.03737183071,-0.418431555,-2.134591695,-0.3665446034,0.3364125029,0.763584997,1.608264483,-0.4541309418,-0.5604492172,-213.1541727
-0.9685336627,1.036579596,-0.3618666476,1.32034354,-0.1177445882,-0.04178447223,-0.546301673,-0.6925501985,0.2390071226,-0.3531168898,1.158995624,-0.2258080885,0.8819462581,-0.02263379108,-0.3362183457,0.2106585056,0.5790779586,-1.042524901,0.5876539721,1.106508345,-1.77007863,0.8542085278,0.3790260924,0.192517567,82.43312862
-0.1219740117,0.08762440147,-2.726623991,-1.064494012,0.2997777897,0.4461308987,-0.1280960246,1.239182538,0.4490159122,0.6396527091,-0.5757551224,-0.7247935062,-2.099546662,0.457540055,0.2375046384,1.328722832,1.309729657,-0.3547501736,0.2962767134,-0.36592582,-0.5936502813,-1.61127314,0.6426404947,-2.142350675,-268.9605241
-0.4300123766,-0.1783893302,-0.09969363676,0.5860286351,0.3696214148,-1.142802985,1.479947875,-0.8857518178,-0.1828121994,1.599857077,-1.062494719,-0.854904868,1.038656282,-0.34658452,0.5920514132,-0.7726130926,0.1239305882,-1.063582465,0.6962195879,0.2130015746,0.8471105629,1.305091159,-1.291280767,0.5223727865,-30.13491378
0.934348123,-0.1966176497,-1.711483976,-0.09673676435,0.6247692562,0.572130573,-1.213040427,0.5728712892,0.03839545563,1.753133392,-1.854177019,0.5401679243,0.7920085187,0.9163731476,0.1582937983,0.6145191985,0.4264355449,0.7738486946,0.6362121729,-1.247412103,2.613312799,0.8376727967,1.248880087,-0.8237209488,-55.43615911
0.1492284954,1.133066969,-0.5468236665,1.407516566,-1.623328493,0.6079799972,-1.523693389,-0.03059605451,1.022477312,0.2137928381,-2.005307988,-0.4372987042,0.2663427963,1.446780094,-0.3199830045,-0.3681453646,0.3024225769,1.886364341,-1.185656507,0.9583450026,-0.7641020195,-0.1845887631,1.677376326,-1.425103083,-325.9117522
-0.8872607777,-1.262676595,-0.5378623962,0.7780578072,-1.43362645,-0.3592078812,0.7949653395,-1.101224448,-0.1734386537,0.6263174025,0.8136787267,1.556598425,-0.6847612889,-1.252169829,1.098792806,-0.4134666365,0.1275896407,0.01827728175,1.4998158,-0.7629248178,-1.05542874,1.504048618,-0.8530416053,-1.02186638,16.13995451
-0.4379588671,0.8033173706,0.4994050521,-0.316027767,-1.356594774,-0.9965327718,1.248410827,-0.9003888096,-2.212130991,0.5192948722,1.174573181,0.6803389688,-0.3998034176,2.276811352,-0.3965803141,0.9701346645,-0.5585397924,-0.4497719457,-0.7409137572,0.7889711779,1.290737222,0.9379614952,-0.05720020297,-1.04832363,-44.09159565
-1.364846391,-0.2714058042,-0.5482004423,-1.650498495,0.275188556,-0.02490666525,-1.548749585,-0.2620471087,0.8938701945,0.3892592052,0.5472255051,1.07588411,0.1769272543,-0.5704303483,0.2733784858,-0.1457449126,1.468692059,-0.8011559036,0.7760697599,-1.290102767,0.4537890073,0.57760931,0.01289067332,-0.3342624379,-90.16305129
0.4429194778,-1.8873721,-2.130921862,-1.080675446,1.260400831,-1.24325687,-0.1216677308,0.4435887071,-1.625073343,-0.2528423544,-1.415426933,0.3546329562,-0.5505180131,-0.6490138092,0.09759352995,0.9529831621,-0.1205443536,0.2761423612,-0.5497043012,1.90723401,0.04915473611,1.510618425,1.820321057,-0.6276819304,-203.2868522
0.1561014214,2.154870879,-0.6962362599,1.494990648,0.830784888,-0.6929243081,0.7102406844,1.511688261,-1.115115925,0.7208772622,-0.3081541154,0.8520815435,2.58664555,1.418233731,1.720629511,0.8324981489,-0.6652578066,-0.8138707659,-0.1001440944,0.3804187843,-0.6513908812,0.05103552479,-0.576828765,1.448462368,84.20547845
-0.04680532794,-0.8680094673,1.238233681,-0.2988154532,-1.078996031,0.2738224713,-0.8396965544,-0.5028178105,-0.6457013099,0.02369587388,-0.01295899319,0.06050991978,-0.2805398649,-0.0577321049,0.987021368,0.3087667106,-0.1292790873,0.42959556,-1.376169259,0.8833162142,0.3808193706,-0.6753847054,-0.202150366,-1.27111571,-187.3738838
-1.354131426,0.4148081052,-0.5247541795,-0.9561929055,0.09962779879,-0.2463795024,-0.5043270466,-1.639783917,-2.169405385,-0.2331196551,0.8121731874,-0.1425844093,-1.151782365,0.4624977213,-0.4921772457,0.7859214118,-0.2827240322,0.08218744628,1.786159003,0.7749616417,-0.5145382011,-0.6105415351,0.5276607166,0.8534149897,147.1906011
-0.45741643,-0.1313110835,-0.7193061318,-1.329871155,-0.5942174157,0.3266794024,-0.0980586242,-0.5098950689,-1.159564152,0.8259310373,0.08943678965,0.4613398896,0.2235263389,0.1940828614,1.172950015,0.2418939427,0.3457592456,-0.6227437364,-1.227027652,-0.2431940503,1.267488018,0.1682726077,0.129945032,0.1464278351,-142.6585873
-1.042380994,1.375338991,-0.1652696838,0.9780579703,-1.495602484,-1.617714193,-1.091384568,0.2677681919,0.05718942332,-0.1157889919,0.3018503928,0.4850392177,-0.1683974712,0.8419250499,0.1702620983,-0.8334649441,0.7877881291,-0.06722264851,-0.524116226,0.7099114178,-2.176783084,1.438156259,-0.5471960466,1.231637559,-10.10278723
-1.189210837,0.2040954379,-1.345477784,1.390673413,-1.217462094,-0.4468494545,0.2994380597,0.03575745358,1.05025502,-0.0617551378,-0.08179366307,-0.3357819082,-0.8617280752,0.08144187879,-1.178032394,-0.7845976609,0.8155418174,0.7951608771,-0.1864241765,0.3592564026,-0.7127114726,-0.5949968934,-0.3127484669,-1.219132575,-248.9028387
0.2974056205,0.7882676825,-0.6776696951,1.131646589,1.36269275,-0.01461262278,-0.1727279064,-0.2054766195,0.9194994952,0.0514746184,-0.2392155612,-0.2411843103,-0.3940985642,-1.045696067,1.178225923,0.3535954819,-1.717902575,-0.9821394692,-1.77074345,-0.3199649482,-1.64379598,-1.1299461,-0.860578124,1.283926221,-79.51612275
-0.01141548023,-2.063127347,0.2496367284,0.4573302652,0.07579070258,-2.469723516,0.2820293989,1.007932018,-0.6497645342,0.6285140818,1.142283992,0.7900173079,0.3585048194,-1.529118847,-0.4117663328,-0.9456114261,-1.713737864,-0.5669172384,-0.2421299475,0.2337440386,1.925071671,0.07715540051,-1.110593747,1.092937003,120.1854171
-1.030217699,0.2630097246,1.324201741,-0.4901021506,0.3859630561,-0.1849146004,-2.981943699,-0.9660262488,1.188740137,0.3071559352,1.117944615,-1.11078874,0.4275974774,0.115435783,0.372045953,-0.6262625183,0.6902901361,-0.8539653272,1.20749261,-1.759172758,0.3802752868,0.7704509977,1.162848112,1.273528659,196.0105099
-0.07133442579,0.8195101108,1.758123277,0.3374421215,1.184926327,-1.220207455,-0.4356018655,0.623253227,0.9794552721,-1.247918203,-0.8991219047,-0.319984168,-1.527492585,0.1995841187,-0.2345330186,-0.2680961596,1.349266325,-2.153864369,-2.282620995,0.3381090917,-1.916786099,1.065116156,-0.6640548156,0.8619362977,-158.2075494
0.7609264138,-0.3741789514,1.288726596,0.6548050858,-0.2176471988,0.5508150339,-1.320480487,0.1938190927,-0.1470886778,-0.6649019276,-0.9918692465,0.3983724145,0.2175814486,-2.209742734,0.4132658109,-1.568040263,-0.4485195182,0.5642065324,0.1804342296,-1.375132768,0.9968545094,-0.5758450856,-0.9548425618,0.286478156,43.82740599
-0.5574596743,0.1100577308,-0.796447903,-0.206816223,0.7934866085,-1.740099275,0.6917368976,1.437521667,0.6422137359,-0.6663142864,0.2523298228,0.91189229,-0.6192489488,-0.6885705574,0.565253365,-0.3303532329,-1.064855087,0.5260163487,-1.823830164,0.2578061096,2.246387545,-0.7017265783,-1.807495958,-0.5066508685,-237.9187967
-0.4288076147,-1.876991931,0.6816045103,1.374532254,-0.4465599523,-1.161275241,-0.9434135206,-0.1833783517,-0.6973719671,0.7479980559,-1.221191003,0.2989826825,1.19805583,-1.165088977,-0.968284686,0.1004968561,0.4254715953,0.286846212,-0.5887046872,0.1204067033,0.887916511,0.0949162459,-0.5887553142,-1.877368661,-291.4686068
0.4021102848,-0.5922842405,-0.7689331717,0.2895142726,-1.504462502,-0.1998648162,2.446268217,-0.8541329184,-0.7052895664,0.225111736,1.347456123,2.265811575,-0.9319961443,-0.2576099696,-0.8426802723,-1.443941155,0.9688159111,-0.02303940533,0.8969431669,-0.5431820565,0.001697136534,-0.5721506195,1.482918521,0.08540759479,169.1647516
0.7691293868,-0.3513644907,-1.010780309,-1.013167144,0.5895837474,0.8696716407,0.75898891,-0.4875030052,-1.023594943,0.7854714913,0.4859573879,-0.06845769033,0.1694335272,-0.5546916161,0.04925891566,-0.3949733512,0.3354272878,1.533036095,-1.54780276,-0.9568908875,0.3943482082,-1.232611576,0.722727219,0.5402955154,-1.81701796
1.175824029,-0.7329569045,-0.1844814313,-0.1171624086,1.741762126,-0.7162463642,-0.09832027082,-0.8337647151,0.09453937874,-0.08795814737,0.2299997144,0.3505135264,1.022454519,0.3300923716,0.6676286589,-0.2364604285,0.8081412332,-2.198318153,-0.2648104691,1.540839441,0.1644134333,-0.5634458047,1.653754954,-0.3116930871,77.73174324
-0.500885672,0.02532339207,0.4409642987,-0.4818965682,-1.460030486,-1.21449572,1.115216533,0.0954290208,-0.6292345434,0.6326813705,-0.5985310494,0.4230203098,-1.553921526,-0.4987425189,1.060627338,-0.3780148296,0.05304067354,0.2880612758,-0.6049268778,0.9281339956,-0.7404950168,-1.061376092,-1.13717887,-1.244036547,-238.002187
0.4871666667,-1.054833368,-0.7210321161,0.5095036799,0.1545467805,0.6471702733,-0.2785412034,0.3120012758,0.1350421711,1.549981909,0.2392875595,-0.7837611643,-0.4958707506,-0.5267130841,-2.027732,0.7461424992,1.801135018,0.6938441284,-0.3669045263,0.6759556384,-0.3497700809,-2.30359834,-0.4396654764,1.307700867,104.0631342
-0.4271235643,-0.71388566,-0.482560937,-0.2235762396,2.229387099,-0.1430522065,0.2671871847,-1.376127304,-0.9741139403,0.700200965,1.234394673,1.017545875,-1.158671258,-0.3720845713,-1.644111125,-0.7125922476,-0.5651366227,0.08511737654,0.3688044414,-2.278889866,0.2347117956,-0.06608092275,0.1243000426,-0.4614503266,43.77617747
-0.8085298155,-0.2748196105,1.056420988,0.6028713165,0.8657183122,-1.253820611,-1.840819159,-1.937261511,2.396292912,-0.9521923163,-2.380058631,-0.5642524494,-0.556763059,-0.3204712873,-0.001793538906,0.6264622213,-0.5556410034,0.5662576529,-0.7032262608,1.237678702,-1.511301025,-0.02385219414,0.7095568143,0.009511289324,-298.6403131
-1.670440603,-0.0187437605,0.2518957838,0.3038468825,0.05603834275,0.7034459464,0.7508016326,0.5892648902,-0.1068320791,-0.009979698763,0.06292760705,-0.140840944,-0.7310664922,1.329296608,-0.5078309846,0.4070387625,0.3008520323,-0.1799757668,1.450488825,0.6139462038,-1.967719961,-0.2552058561,-0.730532856,0.5472519175,1.611736856
0.5889675909,-0.223314903,-0.8961037576,-0.3960101477,0.645744637,1.214076106,-0.006284583694,0.6291440789,1.178098299,1.027742781,-0.634377937,-1.017849717,-0.606356724,0.44259696,0.8945395328,-0.8187854461,0.04438516876,-0.03271792904,-1.709724469,0.1353056169,0.6970661655,1.922368973,-0.7041903183,1.158513847,-45.2459809
-2.346250453,-0.9576884603,1.270841638,0.9076959172,0.2644106802,-0.6303296342,-0.4472377654,1.75388001,-0.3678619905,1.486753859,-0.6747714841,-1.557795188,0.3477781684,0.09062398006,-0.1167415758,1.62187479,0.4607164731,1.214337124,-0.4734155989,0.4827280123,0.536254979,0.07028683604,1.665687628,0.2319102622,-239.6747237
-2.4612911,0.4918686268,0.1763187828,0.4612361961,0.1114254971,-1.312055907,-1.086673888,-1.530935288,0.9896969624,-0.4429207853,-0.5303021723,-0.4590319535,0.05334297725,-0.3836729114,0.3209206361,-0.887833146,-0.1908487824,0.4513417535,-0.8035912406,0.7293128725,-1.115882301,0.8013658788,-0.9848360999,1.030619208,-248.9295911
-0.4505306711,-0.9952139739,-1.07464846,-0.8492550743,1.639827489,0.1842496644,0.2691841641,-0.5987063656,-2.805162589,-1.09834922,1.077747616,0.4810618054,-0.4370877099,-1.021391688,-1.026864111,1.024237824,0.5675346403,0.3672611243,-0.5583948357,0.6165729816,1.584795763,-0.5602481067,-0.7497667612,-0.1683834311,-33.87076921
0.0313934487,-1.689965794,0.3389227288,-1.368157503,0.7047093445,0.2255391078,-1.960370249,-0.9929939245,-1.268264831,1.611216644,-0.9439777292,0.8003372607,-1.367087513,1.118070666,-0.3985563877,1.009440348,-0.9694357231,-0.6727556513,0.04240234735,0.4906988248,-1.726304277,-0.2814593653,0.5548839847,0.044558684,-63.17548123
-1.749602943,-0.2630143229,-0.7942077799,-1.023304508,1.464953891,-1.415892142,1.652167432,0.3797027033,-0.7922567681,1.460367323,0.04674799939,0.2635058625,-0.5807014984,-1.415190009,-1.090077816,-1.177632161,-2.462397646,0.1217756509,-0.0874762556,-1.12140388,-0.1209054675,-1.511939933,-0.6365158001,0.02142782828,-173.4395545
-0.06936229913,-0.03281618688,0.9899204034,0.1832325212,0.6571672254,-0.04579100445,-1.126037213,1.373907615,-0.761420017,1.896242658,0.2313057208,-1.222213977,-0.3814300247,1.32079212,-0.2366351492,-1.096777588,-0.643972381,-1.642389558,1.955966032,-0.4520108063,-0.2585156089,-0.07465193426,0.7006506348,1.319499322,270.7998804
0.4466480126,-0.5266188777,0.6462502295,-0.1406221242,0.540001936,0.1770900373,-0.8226816996,-0.3320127824,-1.228445362,0.3329870031,-0.20912535,-1.63408035,0.4124390843,1.372128864,-1.318028372,-0.1170785032,-1.01748142,0.1138461647,-0.208701009,-1.132981178,-1.254952004,2.319049468,0.8525727682,-0.0115270761,20.69441895
-0.637684141,-1.291419453,-2.364919751,1.903355068,-0.4275543127,-0.4687312617,1.507795377,0.1036245047,-0.5067372617,-0.6651545241,-0.3524752443,2.195653451,1.133622484,-0.8690463915,0.3244466865,-0.02098321484,0.8730811619,0.5025254557,0.2605177593,-0.4708308976,0.2584135379,-1.151301443,0.3250758494,0.04849385199,-106.9494094
1.576911482,0.2466613952,1.605120381,0.5960458812,1.517512163,-0.7094193557,-0.06284697011,0.3835818625,0.7707752556,-0.2925018503,0.3898466107,-1.531293605,-0.6601312905,1.184855828,0.5109119506,0.7366488696,0.595643264,-1.258561776,0.6643740923,-0.7734654863,-0.2532912862,0.8306585485,0.8066301184,0.7705502005,312.1125115
-1.849883453,0.2450033611,-0.758621065,0.7400812024,-1.951214643,-0.2708437703,0.8829855305,-1.942300103,0.7540645846,0.3730695891,-1.831708855,0.1957630179,1.570727863,-0.6232145864,-0.4623254325,1.074955749,1.338456723,1.690560683,-0.4310168109,-0.1485560551,0.05172083721,-0.4456290483,-1.172831777,0.7113681787,-236.5194433
-0.5805103198,0.5627293691,-0.8474875838,1.165190679,-0.9387857427,1.202140115,-0.4030184981,-0.4152751232,-1.5559202,-1.517287857,0.2148708977,1.523962366,1.197084502,-1.081270901,-2.125259579,-0.4893617549,1.736618065,0.9709028181,-0.605951229,-0.5553309547,-0.5361274798,1.347950016,0.7605802904,-1.327807878,-196.2582857
1.036427315,1.033291186,1.898668063,-0.6205275082,0.7210923769,-0.8573093824,-1.142796167,1.195749712,-0.8790016847,0.6452846812,-0.2067152603,-1.672999794,1.383339638,-1.082476438,1.02742756,-0.9020016109,-0.1436572909,0.8672957376,0.9914605202,0.1889643118,-1.806288303,-0.5503631548,-0.3854531164,-1.124764404,89.22659525
-0.01368356015,0.3335133096,0.7819306164,0.06439503224,1.004271107,0.4581384615,1.855735058,-0.5670483062,1.019289286,0.2685522385,-0.06981534246,-0.4691615821,0.07941540871,-0.3137467369,1.247261854,-0.06022469109,-0.1652700919,0.3437017573,0.7073443493,0.3849306272,0.1416235065,0.5236427439,0.5912221906,-0.2068480594,52.36167822
-0.5134890043,0.4161850695,-0.3538001664,-0.1232888663,-1.658089067,0.7447886224,0.9183929319,1.068163261,0.6913639482,0.6395906138,0.1378658343,0.1122381635,0.800317843,1.320596006,2.388453127,-0.1225039075,-1.159413909,0.5170044028,0.05384900268,0.1285783725,1.105004781,0.2746134969,0.734333671,1.102174448,63.32023751
0.09565749845,-0.9712981145,-0.3336800319,0.5170748183,-0.3447636149,0.3708808716,-1.133666212,-1.166852766,0.6090988106,-0.7470219913,1.341665619,-0.5656950278,-0.1046536489,-0.4713028921,1.383667525,0.3823346302,-0.5350576587,1.06214491,0.9924373015,-0.6702857531,0.7623170338,-0.3180610563,2.784277007,0.3126431681,189.1897064
1.535561901,-0.8234026776,2.067461743,-0.5288967567,1.528209134,1.133803662,0.5783458729,-1.146140268,-0.297764791,-2.757470817,1.222199528,0.1901043977,1.068866563,0.07370115417,-0.1926572905,-0.1741524355,-0.3519512924,-1.495619824,0.05948313979,0.903281548,-2.737096961,-0.394025611,-0.9647984081,0.4794310639,304.786766
0.8902478854,-1.513099706,0.1554536185,0.1923907864,0.6149276159,-0.2993307949,0.5833285595,-2.866220661,0.7959812413,-1.363742742,-0.6065725622,-1.270833417,1.269539493,-0.2664963749,1.780298187,1.346127034,-1.531364687,1.504797078,-0.7512996399,1.112688503,0.9659613421,-1.529570919,0.1180147462,0.1924918035,-1.273184165
-0.2649295291,1.240084483,1.820650765,0.9307456017,-0.2814896177,0.8601203094,0.713869333,0.6857778456,-1.693049487,-0.8436187542,0.3376514059,0.7435105106,0.8928197556,0.8069588036,1.390361419,1.135931661,0.5777172714,1.490496883,0.7260880471,-0.7792206459,0.4628638178,-0.2797173009,0.1225949303,0.1564470068,120.5484682
0.2323946537,-0.8477106776,-0.291294378,0.9670646253,-0.7016638919,0.156578201,1.426177317,-0.3826649242,2.054424986,-2.122561147,-2.592614947,0.7202644406,1.300763976,0.6531821225,-0.03993534815,0.3248320023,1.472892734,-0.7483648927,0.4582576989,-0.6574140928,-0.4213956628,-0.9794780778,-0.4886642864,0.1054867375,-135.6046294
1.047637349,-1.369795473,-1.115973488,-0.7361203737,-0.2551719437,-0.09029252757,-0.09685126586,1.485474332,0.7845462427,-1.365209319,0.8357331404,-0.2813448015,0.2707262607,0.3590649151,1.280524408,-0.9775006306,2.30968164,0.3023330306,0.1943025923,1.169803377,-0.3964025214,-0.2124555808,-0.05807920166,1.204505564,259.0108661
0.1730145661,-1.640748429,-0.5314927423,0.6631900401,-2.25369301,0.7581679684,1.355260175,-0.6501550647,1.287721121,1.548616251,-0.1503650675,1.313130929,0.1821499556,-1.782208446,0.1775478534,0.7907727694,-1.098960939,0.001936115755,0.04324882553,-0.4856159083,1.201431963,0.9177612874,0.3561549801,0.7093428174,7.785236441
0.4290803285,0.3911901253,1.604542858,-0.7737913571,0.7093619067,-0.7460070115,-1.334288714,-0.9064364923,-0.7470038946,-1.980860716,0.434514459,0.964987241,-0.6820754034,-0.1470585437,0.2766922802,-0.6942159791,-1.724140308,-0.1771491188,-0.02632067488,-0.7348782021,0.1222859845,0.5511736973,1.14882875,0.9929383454,167.377818
0.2095492395,-0.1072213266,-1.583578126,-1.06982759,-1.30235715,0.2903169278,0.6435503531,0.01079984895,-1.828138247,-0.7480642854,1.202977917,-0.633375228,-0.7125103237,0.7908963154,-0.9474977866,-0.6653555204,1.677164334,2.101454265,0.6196592234,-0.4989685489,-1.063111882,-0.2008097006,0.7831738262,-0.7363950544,94.21016701
-1.587430783,0.3185048725,0.09896436111,0.2403338643,-0.7611378389,-0.2278578981,0.0212989745,0.09840002762,0.1243837332,0.04637103391,-1.079575828,-0.8588670864,0.5016149297,0.1161642616,-0.3083435483,-0.5402557227,-1.219620549,-0.9906349772,0.7522968831,0.04954752577,0.1117977687,-0.06928214292,-0.791231542,0.09874912879,-142.7377919
-1.888637651,-2.133078137,0.3454445684,-0.1957789849,-0.4424396318,-0.9690036557,0.2923048473,-0.4553024088,0.1846791607,-0.04521377683,0.2165724422,0.1144366232,-1.858664341,-0.3634540756,0.004551938886,-0.3555771423,-0.468818422,-1.583717481,-1.743395812,0.6309730937,0.4200243892,-0.37545052,-1.299834014,0.3325921366,-240.398586
0.5216903066,0.09867980231,-2.443744619,-1.469312282,-0.4671484681,0.1030048056,-0.5315570536,0.07984749221,-0.7932047218,0.6192716779,-1.049747494,0.7056571848,0.9523959299,-0.2115496287,0.1729525858,1.701345738,0.5344012831,0.0866183246,0.001409279919,-1.031054829,-1.303483185,1.346197834,0.2592351037,-0.0903945378,-74.72494446
-0.251831445,-0.5570353855,-0.06176322133,-0.6360002521,-0.8211769038,-1.858195125,-0.5379849415,0.9414509296,-0.4256594723,1.285519499,-0.3731035159,1.946292975,0.1590106281,1.265897418,0.7620019622,1.267523388,-0.03245243442,-0.1347137831,0.969748103,1.105965125,-0.07408984805,1.099084177,-0.4311097192,0.5573614267,98.52632828
-0.999979367,-0.2304485904,0.6006138545,2.114763645,-0.4030657088,1.944396804,0.9940143088,1.028049489,1.331957583,-0.7527229117,-0.7947519978,-0.9808467203,-0.7349104153,-0.1801298542,-0.5102741367,1.153383778,0.3369895509,0.7793383598,-1.707878631,1.030975309,0.2881777794,0.514453355,-0.8187773263,1.519654514,-156.0726731
-1.57733296,1.15209205,-0.1577664313,2.061834662,1.455392387,-0.672126652,1.183309629,0.05199588737,1.340723438,-2.029104499,1.52494372,-0.3678291075,0.5830772483,-2.28774698,0.1368471901,0.03194083887,-0.7998023377,0.06055953768,0.6287037818,0.9377976896,0.5456678459,0.2116151229,-0.3335143862,0.7290295618,48.30390868
-0.760399745,-1.510370687,-0.4752387162,-0.3564981786,-1.189357943,0.2929711265,1.340657478,-0.5159162807,-2.173624187,1.944966091,0.5600626668,1.015656654,0.2240416789,1.67640751,0.2726630251,1.142789199,0.4622076334,1.076173709,0.2558690907,-1.335399022,1.797350766,-0.4184502847,0.1024636104,1.463597145,111.1051647
1.121230184,-0.4183499446,-0.5190307469,1.968590784,0.767216359,0.5994281067,-1.23898213,-0.6828705219,1.538669288,0.5225822142,1.302937766,0.7472505403,-0.05334310074,-0.7737107491,-0.6593372029,-0.4583977069,-1.309823863,-0.3186360987,-0.07840712342,0.2536227915,-1.458364509,-0.6410199821,-0.1564590849,0.616181798,237.2893104
-0.121776192,1.062990841,-0.1210461804,1.221462108,0.7726985107,-2.036615948,-0.09193439442,-0.4482358753,1.719352446,0.5796287723,-1.565478255,1.130956083,-0.9059057048,-0.3781079792,-0.4280954448,-1.316069902,0.986261472,0.5165268161,-0.4180182526,0.05700735296,-0.6475084279,-0.3418103443,1.751905581,0.5273490927,-122.1162141
-0.01962217609,0.3610414533,-0.4073512768,-0.2150731609,-0.5209409403,1.237596515,-1.913290629,0.3431627404,0.3805226706,1.315496109,-1.495426079,-1.486983317,-1.644970602,-0.6465790797,0.6316967452,1.252697622,-0.6401830851,-0.6368205298,0.917569299,-0.3573756372,0.1388001339,1.128513396,-1.925533693,-0.3059768405,-96.15594069
-1.969374161,0.7288660172,-0.2259350339,-1.476502083,0.2227231936,-1.385029612,0.7938019992,-1.801156339,-1.288785524,0.2227630164,-0.3279367412,0.6454596575,1.356414162,0.5080181328,0.799390575,-1.878181301,1.037668358,1.358022644,3.467788751,0.8160889742,-0.1320613393,0.8999154527,0.6498876931,0.6565789872,113.4907262
0.4537481072,-1.301396647,-0.3039211966,-0.5780121709,0.3130446843,1.946320745,-1.001922475,-0.89818772,-1.71896405,-0.9831976603,0.2263042964,-1.261229124,-0.05718867999,-0.6715905425,-1.100699595,0.9681061623,0.3159502972,-1.47722296,-0.1883435785,0.4489514703,2.566808941,-0.2685520717,0.2166401733,-0.6142418652,-21.29502645
-1.201082201,0.105784334,-0.08053039376,0.2639349138,0.08061963808,1.734259733,-0.05594520079,0.0565233099,-1.552909211,-0.01784117979,-1.279695728,0.5012570088,0.1335624803,-0.08933893476,0.07452046281,0.5772116299,-0.3139103994,0.2174377818,1.840068767,0.05985092688,-0.2365615586,-0.9892838008,-0.1767914009,0.7071421384,-3.289314462
0.08534484992,0.3632359028,-0.09699535941,-1.165349307,-0.5544759727,1.147596941,1.407154762,-0.05242932593,-1.544762193,-1.074382095,-0.1814352755,-0.7197595125,0.210867546,1.207642485,0.132695876,-1.770810924,0.4427035168,-0.4438892158,0.190045292,-0.4974832638,-0.8545497116,-1.086353283,0.3372149474,0.7482475108,77.48490941
0.6995880904,-0.7903375236,-0.9005843718,-0.8624538229,0.09868164171,-1.205571284,-0.9788995861,2.556930319,-0.1069995902,-0.5831041667,-0.2211074757,0.6055703886,-0.02287741695,0.6760657788,1.347885685,-0.1878356604,-0.1997093634,-0.8591207565,0.3804035194,-2.087191529,-0.2427961824,1.739518037,0.5616193341,-1.469912396,-17.13320842
-1.25480772,0.8933725473,0.7340401859,-0.3311322803,1.908847406,-1.616960123,1.260781318,0.09881108472,-0.136477643,-1.967473481,-0.1239248331,-0.7699643068,1.094678413,-0.80853644,0.07162364348,0.980579389,-1.941479704,-1.027856924,0.07242498056,-0.5984741734,-1.505872233,0.0171228465,-0.2456818593,0.3743071263,-68.10893012
-1.370996893,0.6203906691,-1.902506628,-1.18014441,0.2556053219,0.3534935838,-0.8014650654,0.2840043069,1.88769094,-0.9211978081,1.298303357,0.3525673396,-1.225816907,-0.236743429,1.160092797,-0.9979207357,0.04417235101,-0.04527694403,-0.038959046,-0.8386535784,-0.6343524986,0.9136102535,-0.5305821795,0.4736897601,-6.875591689
-2.047631213,-2.286908367,1.300474089,1.191687335,1.271014278,0.09104278046,-0.2876342305,0.07510177326,-1.643665067,-0.5286229585,-0.02212311023,-1.12205788,1.758496532,-0.4305826709,0.7396350291,0.03710423478,1.817608178,0.3308495322,-1.308788234,0.775582202,-0.2553974068,-0.03352843153,1.401624001,-0.2092921506,-277.7550941
0.5471465721,0.07505425528,2.046434163,0.2248154122,-0.3903336812,0.7037041967,1.746973408,-0.8511824807,-1.289475871,-1.05631345,0.6167304118,-0.4300027618,0.05882201409,0.6155688869,0.751036251,-1.357968333,1.12493866,0.2829356092,0.4704725744,1.675951974,-0.1468435997,1.481205018,0.7623837626,-0.9760688393,72.79334367
-0.9935821281,-0.3448106824,1.176257422,-0.9738141287,-0.7199454131,-0.003971800553,1.494266041,1.526055453,0.9325417393,-0.03411285982,0.3870434876,-1.598515996,-0.207357192,-0.1180861755,1.888330229,0.1422869514,0.1857840286,0.5184490475,1.201390439,0.5029941301,0.4200326471,1.759526622,0.4806349949,0.6167764913,91.48898408
-0.8691043405,-0.2616107692,-1.695587997,-0.7631450207,-0.3606804634,0.532521035,-0.2996418086,1.062867376,1.481065852,-0.1466451987,0.05106246844,-2.368726396,1.129201847,-0.1746976483,1.191812121,0.0186615912,0.07903570945,0.1624036503,0.3856511838,-1.208751629,-0.7421460911,0.3335773954,-0.2614117144,-2.311441767,-252.9601625
1.505514172,0.29496545,0.3862537703,-0.5648845063,-0.5370824623,-0.1726431028,0.1629333521,-1.696581368,-0.5550362244,1.189432648,-0.01616767592,-0.2504515429,-0.4309356204,0.1054155922,-0.399661637,-0.7783300831,0.4785629143,1.678944721,0.1417366355,0.6204355944,-1.576299623,-0.05139545116,-1.269306718,-0.3945784757,143.4617282
-2.604971828,1.391088047,-0.3960391998,1.476074788,0.349762228,0.1853142206,0.8572100997,0.5381524206,-0.7974251914,0.9405112432,-2.14484036,-0.2465142204,0.5944442397,0.4014845959,0.9892635373,0.2585724939,-0.02255406229,1.560605473,-0.9634563963,0.04941041474,-0.155883692,0.02898171334,-0.4815805176,-1.174925138,-531.8825729
1.051116059,0.836397576,-0.792917296,-0.05829318011,-0.5632969209,0.7624702541,-0.649886068,-0.8185891071,-0.8893590315,1.346423934,0.548605189,0.7283458523,-0.6950466876,-1.079268218,0.1028149139,-0.3848357517,0.4199207713,-0.6847463372,1.780502059,-0.8867894692,0.5930724807,0.3657058563,-0.793012711,0.6943096907,278.7261153
0.9384294052,1.098401254,-0.03133422193,-0.198078742,-0.7715287964,-0.3159633884,-0.326793142,-0.09447523378,0.4058283113,1.259889734,0.07705447609,-0.008324897439,-1.214552032,-0.8320889965,0.780411141,0.7242652817,0.6586075663,0.2112822032,-0.4433634405,-0.6600082275,-0.4930328595,-1.056928638,0.5924957976,0.9047240922,106.8212765
0.5868155704,2.38967758,0.8850275772,-0.3071636769,-0.7743229838,0.7467039124,0.7485578882,0.08072979735,0.8173048256,0.2247164628,1.915347335,-0.55486369,1.360577092,0.3161023457,0.5831647564,-1.028240641,-0.1724674358,0.8714863539,0.0892741384,-0.7355358606,-0.7992745867,-1.104892663,-0.257592517,0.5443554202,284.1227174
2.370729851,0.2988102865,1.465394838,-1.305534483,0.3247021888,0.05066368773,-1.655252584,2.696404968,1.998469677,-0.7151331343,0.7270133315,0.9596628287,-0.7215517252,0.6090716379,0.2113569564,0.1369954833,-2.249399006,0.1344733118,0.6807817031,0.9015217908,1.28602923,-0.05197325755,-0.3019030769,-0.2176493085,333.3877692
-0.2772541696,0.9147104511,-2.276172858,-0.08408400736,-0.580626397,-0.5631406319,-0.6656127466,2.201839312,0.8517459562,-0.6270987599,0.5133231479,0.05781762558,2.231538437,-0.9363164438,-0.8584364722,0.4726690487,-0.2304070712,-0.4281757932,0.4244923694,-0.2062800703,-0.4051019007,-0.6326397254,-0.6764761777,1.002037806,98.23302458
0.6193801431,1.036193371,-1.250287453,-0.6287649712,-0.8358822523,0.8241311364,1.61417062,-0.3144956042,-1.182015833,-0.4811407181,0.9284534785,0.9841110402,1.219109602,-2.103517754,1.042981392,-0.6152857107,0.8358592384,0.08895494766,-1.67810285,-1.737072783,0.4252437379,0.5273832334,-0.6069890668,0.9744305089,33.33081737
-0.5866691565,0.5884271612,-0.3929347795,0.3558085672,-0.2421844168,-0.8300838521,-0.5398687682,-0.2610512858,0.5747563059,-0.7679315019,-0.03543056924,-1.527285988,-0.003780570744,-0.9439772958,0.9500816011,0.03979845404,-0.800897385,0.8851575443,0.9254545179,-0.6736594393,-0.7024436434,0.4029050062,1.092519316,0.0229455522,13.67980831
0.4227554512,-2.345694893,0.1785466617,-0.1176491679,-0.2387817673,-0.1642825871,-0.3913970413,0.4979056709,-0.3898708887,0.5635041496,0.1111436821,0.3344517844,-0.0930792227,0.1936465714,0.5588595804,0.05604453782,-2.071323409,-1.958730725,-0.3510989997,-1.043038181,0.6119119857,-1.262703686,0.4143234996,-1.223816415,-57.75922707
1.116507926,1.330179909,0.5250873636,1.612218348,1.31658305,0.8270909698,2.107146527,1.095664482,1.340233107,-0.07143167208,-0.0153208534,-0.535508368,-0.09475931754,1.749189769,1.244654478,0.03820332002,-1.518250666,-1.069486928,0.2545498223,-0.5332971644,-1.154676223,1.023412379,0.04156273567,2.983544981,341.078832
0.7257097955,0.1637955721,-1.644105087,-1.103629435,-0.1332330184,1.236558044,-0.1348547039,-1.085868491,-0.6093478013,1.342577045,-0.5849440487,-1.534905412,0.2129273896,1.41562844,-1.082316042,-0.0174518584,1.37964916,0.9135826278,-1.947654735,1.149247689,-0.8886363451,-0.3885376036,-1.029952945,-0.1246487447,-163.8681321
1.565916987,0.8188749537,-1.138305113,0.3441365972,1.239187561,0.6292506806,0.8441932163,0.5056415656,-0.5882459547,-0.3130253117,-0.8151273999,-0.9200949856,-0.4932937557,1.010657708,-0.6223956218,-0.2698121616,-0.9415793469,0.3521952789,1.282560798,-0.2542494689,-1.068539619,-0.7788288951,-1.33410079,0.7268874783,202.8643361
-0.4966070292,1.68090075,0.06392327951,0.3071509491,-0.1778554127,0.1301575318,0.7327263281,0.7796146129,-0.7016186982,-1.159976848,0.2709092,-0.7050461859,1.238482966,-1.872203341,1.301528736,0.04017974619,-0.2216191373,-0.8422626003,-0.2449503012,-0.8321600345,0.3228972764,-0.179104255,0.3934290659,-0.1934180384,-88.23362269
-0.2552175342,0.875669566,-0.005528741832,0.1811074588,0.5681080058,0.3729719629,-0.390845033,1.042175499,0.9214206414,-1.714550138,0.09014982372,0.02513817111,1.500549958,-0.7788784859,0.4954640035,0.06851173033,0.4465475557,1.338526396,0.9353667255,-0.1801715709,-1.641495021,-0.4187819098,-2.349336446,0.09922088495,55.705975
0.7272724708,0.749404156,1.057535872,-1.392564494,-0.03486954425,0.6441629696,-2.305489143,-1.45851656,0.06403115277,0.1904156495,-0.404436554,-0.2742133547,-0.4731688435,-0.1665224061,0.7545122352,-1.556772088,-0.2906078191,0.3853451769,2.107510259,-2.443235541,-2.577112359,0.08695803411,0.1081561852,-0.8556507834,148.3675753
1.056799614,-0.2650602268,-0.2861964496,0.5953213833,-0.2246994399,-0.2687254689,-0.4053408429,0.9369587438,0.2071297,-0.1230070272,-0.106038302,-0.8754135184,-0.06250891896,-0.581537502,0.2938284054,0.9662145048,-0.6866538267,0.5122261241,0.1431397131,-0.11989425,-0.4258663094,0.759586415,-0.3861049853,1.020239366,171.255514
0.5514746074,0.9726205688,2.281619758,0.9313865803,0.228201645,0.4102299975,-1.030771944,-0.1850182664,0.02970128704,0.587599008,0.068660458,0.4524951986,1.197017695,-0.06014861078,0.0339170655,-0.785402132,0.1930740407,1.038215681,1.092410884,1.652070799,0.4971716045,-1.238469143,-0.101419291,-0.4780963413,131.0548771
1.102778471,0.3174771479,-0.1968524895,0.1629102001,-0.6554170876,1.608293863,-0.4513007019,0.1124921038,-1.170650878,-0.4365110757,0.4966672693,-0.4073783014,-0.1331191724,0.3251331922,0.1907423131,0.3612664135,-1.338840286,-0.3241254992,-0.1651772729,0.59244133,2.641294464,-0.341441584,-2.286807457,-0.1918836521,78.87877508
0.8249881345,-2.494529735,-0.2977314768,-1.485135835,0.04283447441,0.07298399133,-0.9482855687,-1.753698701,0.08353251488,1.73094519,-0.3106402491,-0.1861128158,1.83628334,-0.1570502873,0.6980834172,-1.236227613,-1.5519475,-1.224179075,-0.5749938205,-1.087220267,0.3549764586,0.01655301567,0.9973455634,0.2428203472,50.98775397
1.970938107,0.1508109845,0.2397650409,0.03573509285,-1.214175181,0.3011217079,0.3048353443,0.1810109221,0.324040549,-0.435787582,-0.04165443923,-1.885865652,0.335436977,-0.1606467512,-0.1216109821,0.5347022261,0.5125151996,0.4745177322,-2.744839902,-0.4129258246,1.079078345,0.03709732609,0.5481098343,0.4437004206,-6.239183768
0.2899221067,1.797976144,-0.7360555608,0.02585062484,-0.5999945192,0.311436911,0.2432882187,-0.8868383371,-1.155321044,-1.594007184,1.67342853,-0.7598074483,0.08857912308,-1.028189104,-0.905182124,-0.3604470493,-0.05999708517,0.8238234732,1.958443135,-1.033589062,-1.593720672,0.8896103398,0.03055460881,1.320641293,378.3908546
-0.6181628351,-1.039130251,-0.2322660648,-0.1713237016,-0.5774625018,0.3301930591,1.760735662,-1.717258344,-0.4877001462,-0.4527801961,0.1148061499,0.8259894084,1.566811556,0.05511503023,-1.208673226,-0.771833584,-0.5571245363,1.320909634,-0.8221709935,-0.7048525079,0.08823489245,1.305267054,-0.7864389645,-0.9340923646,-139.2547334
0.2555829029,2.652803913,-1.663529517,0.6339077835,0.7549785638,-0.8877583447,-0.5880000342,0.692171899,-0.7725861552,-1.858554155,0.7924209096,-0.27740978,0.7877077764,-0.9758588795,1.742027676,-0.2219525188,1.059426872,0.482551521,0.955644503,1.013386459,1.107704362,-1.873274502,-0.02075814625,-0.649861908,64.33457656
0.2727871887,-0.7077407886,-0.6608342585,-0.376127843,-1.922204377,-2.355507522,2.061155521,-1.187066894,0.09703431316,-2.08034706,0.3666750271,-1.039461084,-0.5411283797,-0.718925935,1.153401774,0.2566118522,0.2803246655,-0.1637329395,0.695126272,1.608022865,-0.2895753243,-1.156141821,-2.639108592,0.325452928,91.00210122
1.258726654,-2.337355889,-0.1070136874,0.3110947443,0.4888453808,0.450138072,-1.745428191,-0.01444551197,1.359535764,0.7907514071,1.332800228,-1.166776303,-0.3544082936,-1.402415415,-0.02817490991,-1.814256056,-1.623798106,-0.5008580244,1.007566908,-0.6360304961,-1.146830996,1.588253101,-0.2870576252,-0.9398318288,186.7157568
0.2486185721,0.07290227054,-0.5132673542,-0.06522053976,2.23235871,-0.2702684586,0.2309048674,0.7972719724,0.9778430697,-0.8651441435,0.8541189482,0.3548849755,1.028252782,0.07748068173,-1.515423855,1.466385131,0.961120359,-0.6108427862,-0.6654883242,-1.539308351,1.322178643,-0.5565260143,0.4701103465,-0.3379097227,23.72219518
1.509545201,0.3014063043,1.599527944,0.5087492173,-0.9024298199,-0.3624317932,-0.2032737602,0.5438109338,-0.6100765926,-0.08364044452,-0.1389386643,0.498456398,0.4620481635,-0.6717787522,-1.746572254,0.1156946246,-1.206059114,0.981245875,1.750664832,0.5897187039,-0.8706339791,1.325782667,1.658172438,2.260496233,441.4737246
-1.847179627,0.4527307062,0.7766746958,-0.000906662506,-1.636460182,-0.5219231129,-0.4628554538,-1.099798215,-0.8665014962,-1.430596814,2.496131949,1.044682728,0.5571923128,0.8089381803,-0.08059690449,-0.9010306538,-0.2360088334,-0.9122648914,0.1292212495,-0.3791777659,-1.11794827,-1.004548883,-0.3726695981,0.2397410628,65.58594656
-0.992037981,-0.8483703136,-0.5385336275,-0.431302043,0.6802411166,-0.03226794792,0.2976653756,-2.683754534,-0.1933198746,-0.8827899458,0.3834704199,0.2232409465,0.5126609865,1.368773243,-0.6187867221,1.133426856,-0.3930216349,1.162444884,-1.768526183,-0.2867440444,-0.4040298065,-0.5287553264,1.901542045,0.4679596314,-175.536876
0.09267489261,-0.2147662265,2.412365682,0.2368063342,-2.937367395,1.471386244,0.04780873574,-0.3912934002,-1.704905015,-1.064649688,-0.01557930064,-0.255556746,0.06927364165,0.606436053,-1.403245155,1.183543873,0.9912504186,-1.111387078,1.15575641,1.064548478,0.812956515,-0.1263439462,1.224014447,-0.4995198448,86.75260954
0.4916818952,-1.101703352,0.6236684837,-0.1273691579,-2.210714028,-0.3403078906,0.03486711858,-0.5463103012,0.6443052822,-1.992733809,-1.371607664,-0.922250923,0.01431115736,0.5262100492,0.4309446002,1.292957863,0.4143835911,1.412320347,-0.4917004958,0.579092182,0.5561061015,-3.311877372,1.235256162,1.561328018,5.059866607
-0.4100300705,-0.2280562516,-0.9194795755,0.3016246324,0.7113609751,1.834065412,1.354844031,0.3220002362,0.1070352833,-0.5151560629,-2.190469054,0.2517215408,-0.6323048058,-0.4056548603,-1.404673973,-0.4129507648,0.7746612324,0.6850283162,0.517569069,-0.7803854785,-0.1071898284,1.572075256,-1.451084485,-0.5606758459,-256.2127703
0.01712370232,-0.8361901499,-0.7008035637,0.4381867377,1.173092134,-0.3519578452,-0.4726855991,1.486988921,0.3615148388,0.1680463175,-0.4867882102,0.6350310996,-2.05279754,0.8166559968,3.22561529,1.941607609,-0.3568669594,-1.327918636,1.16001671,0.8341999011,0.4012096008,0.5238872271,-0.4107915513,-0.8468850214,-32.17487416
2.036071353,-1.785036346,0.358071425,1.604077507,-0.2777851972,1.490256244,-0.2571983798,-1.097977364,-0.7496813378,-0.09340247883,1.133759388,0.4704083682,0.6320392674,0.157236764,0.9231240531,-0.1473707002,0.5481021893,-2.016636369,1.593036984,-0.2182475849,-1.116846514,-0.4939870429,-1.024433201,0.4870405657,408.6152235
-0.4282549734,0.4013917925,1.545128411,-2.207661826,0.7316438442,0.1180407526,0.1127805472,0.7310926258,0.3515099169,0.6810084588,-0.473948926,0.5079664535,0.1388412971,0.3621768223,0.3138588096,-1.793314329,1.693289468,-0.1676512761,0.369673672,-1.078859251,-0.2757005948,-0.6256995969,-0.4152064705,-0.5590393087,-68.03437943
-2.065251438,0.2215486162,-2.887566274,1.266271786,0.6675611083,-0.3069424084,0.7517916631,1.216460277,-0.07053072903,0.2719854137,-0.1440295507,-1.833532355,-0.9923292556,-0.6631643413,-1.925488325,0.6571482399,-0.7009471204,-0.8893314164,-1.733055003,-0.4017180229,-1.083331597,-0.171200919,1.148939174,-0.1845236154,-398.124827
-1.109406767,-0.1512092796,-1.916251487,-0.5604634533,0.2288784002,-0.38290786,0.6398090875,1.454112021,0.7429921262,0.8823628334,0.1372675198,1.089235388,0.7874982217,-0.5570183408,0.5657047963,-0.5266144376,0.4701263825,-0.09876892556,0.9595058244,-1.229093668,-0.1115380377,-0.4362441889,-0.1693013383,0.006560239805,-52.83407998
0.5412759525,0.2513100638,-1.373166601,-0.1279094378,1.626791828,-0.2169984367,0.8744017477,-1.736537636,0.907840361,0.3168537919,0.4028881328,0.07931190155,1.258529152,0.9840931208,0.7372397933,-0.4745988898,0.527329329,-0.7458484649,0.7470531644,0.8192410198,-1.144040731,0.3715540748,1.206945961,-1.492350164,-8.345443159
-0.3667910759,2.14114312,-0.4641044622,-0.8561417126,1.254882431,0.7313393315,0.7663258359,0.1584365975,1.083725815,-0.01826988529,-1.309987062,0.09256888857,-1.121316503,0.3531179033,-1.583089377,0.6448644436,-0.3531403512,0.5291901471,-0.0636924275,-0.6565075495,-0.2564753069,0.03278995455,0.2964806655,-0.7160382453,-204.7580508
-0.551757895,-0.1804461534,0.7237118477,2.190505671,-0.8249841757,0.9356392243,-0.5526747506,0.8858581575,-0.3644531592,-1.014017197,-1.206270325,0.7065953315,-0.5563510726,0.3884196005,1.076424098,-0.1818342727,-0.6234842185,0.392531132,0.2137188233,-0.02154485483,1.037370258,-0.05769455287,-0.693009789,-0.5220479184,-174.3011329
-0.2022119057,0.4247239529,-0.7857588389,-0.7024518713,-0.4619649825,-0.5425040857,-0.1586352123,-0.4769529509,0.8381665944,0.04281366434,1.187855309,0.461958457,2.175748462,-1.222630223,2.456481399,-1.10265236,0.2168395539,0.7227181584,-0.1809988929,0.7173486924,-0.6557012945,-0.06205491813,-0.780449306,-1.18327199,-56.37281503
0.8667104566,-0.2275366416,0.2638178056,0.4413512545,0.005260785421,1.007342071,1.009768225,-3.437930067,1.134026408,-2.022883445,0.08218063499,1.607163561,1.062336266,0.1636998412,0.4773391862,1.661208758,0.7169120328,1.794464583,-2.06990807,-0.5588927003,-0.1839785076,-0.5036019569,-0.4297486339,-0.6593923413,-114.8473532
0.4914677349,0.1570553571,-0.1376472946,-0.2571753165,-1.933914801,-0.449941817,-0.07088245933,1.100862527,-0.8075384938,0.5368451773,-0.4625829532,-0.5740882178,-0.04640804468,-0.3604784473,-1.137660788,0.4112913834,0.8312273706,0.862914517,-0.4579043324,0.9360926841,-0.6255558826,0.3385985407,0.5895342954,1.776971701,75.77864326
